"name","desc","type1","type2","egg_group"
"모부기","흙으로 만들어진 등껍질은 물을 먹으면 한층 단단해진다. 호수 근처에서 살고 있다.전신으로 광합성을 하여 산소를 만든다. 목이 마르면 머리의 잎사귀가 시들어 버린다.흙으로 만들어진 등껍질을 만져보아 적당히 젖어 있다면 그 모부기는 매우 건강한 것이다.태양빛을 쬐어 전신으로 광합성을 한다. 등껍질은 흙이 딱딱해진 것이다.흙으로 만들어진 등껍질을 만져보아 적당히 젖어 있다면 그 모부기는 매우 건강한 것이다.태양의 빛을 쬐어 전신으로 광합성을 한다. 등껍질은 흙이 딱딱해진 것이다.전신으로 광합성을 하여 산소를 만든다. 목이 마르면 머리의 잎사귀가 시들어 버린다.태양의 빛을 쬐어 전신으로 광합성을 한다. 등껍질은 흙이 딱딱해진 것이다.전신으로 광합성을 하여 산소를 만든다. 목이 마르면 머리의 잎사귀가 시들어 버린다.자료 없음","풀","","괴수,식물"
"수풀부기","숲 속의 물가에서 산다. 낮에는 숲 밖으로 나와서 등껍질의 나무에 빛을 쬔다.등껍질은 흙이 굳어진 것이다. 수목에 열린 나무열매를 쪼려고 오는 포켓몬도 있다.깨끗한 물이 솟아나는 장소를 알고 있어서 동료 포켓몬을 등에 태우고 그곳까지 데려다준다.숲에서 사는 수풀부기는 아름다운 샘물이 있는 자신만의 비밀 장소를 갖고 있다고 한다.깨끗한 물이 솟아나는 장소를 알고 있어서 동료 포켓몬을 등에 태우고 그곳까지 데려다준다.숲 속의 물가에서 산다. 낮에는 숲 밖으로 나와서 등껍질의 나무에 빛을 쬔다.자료 없음","풀","","괴수,식물"
"토대부기","작은 포켓몬들이 모여 움직이지 않는 토대부기의 등에서 둥지를 만들려고 하는 경우가 있다.이동하는 숲의 정체는 물을 찾아서 거처를 옮기는 토대부기의 무리다.토대부기 등에서 태어나 토대부기 등에서 일생을 다하는 포켓몬도 있다.오랜 옛날 사람들은 대지 밑에 거대한 토대부기가 있다고 공상했었다.토대부기 등에서 태어나 토대부기 등에서 일생을 다하는 포켓몬도 있다.오랜 옛날 사람들은 대지 밑에 거대한 토대부기가 있다고 공상했었다.작은 포켓몬들이 모여 움직이지 않는 토대부기의 등에서 둥지를 만들려고 하는 경우가 있다.오랜 옛날 사람들은 대지 밑에 거대한 토대부기가 있다고 공상했었다.자료 없음","풀","땅","괴수,식물"
"불꽃숭이","낭떠러지 절벽을 민첩하게 올라 바위산의 위에서 생활한다. 불꽃을 끄고 잠잔다.엉덩이의 불꽃은 배에서 만들어진 가스가 연료다. 비에 젖어도 꺼지지 않는다.매우 몸놀림이 가벼운 포켓몬이다. 주변이 불에 타지 않도록 꼬리의 불꽃을 끈 다음에 잠든다.배에서 만들어진 가스가 엉덩이에서 타오르고 있다. 몸 상태가 나쁘면 불꽃이 약해진다.매우 몸놀림이 가벼운 포켓몬이다. 주변이 불에 타지 않도록 꼬리의 불꽃을 끈 다음에 잠든다.엉덩이의 불꽃은 배에서 만들어진 가스가 연료다. 비에 젖어도 꺼지지 않는다.배에서 만들어진 가스가 엉덩이에서 타오르고 있다. 몸 상태가 나쁘면 불꽃이 약해진다.엉덩이의 불꽃은 배에서 만들어진 가스가 연료다. 비에 젖어도 꺼지지 않는다.자료 없음","불꽃","","육상,인간형"
"파이숭이","꼬리의 불꽃을 길게 늘여 몸을 커 보이게 해서 습격해온 적에게 겁을 준다.천장이나 벽을 이용하여 공중 내리찍기를 날린다. 꼬리의 불꽃도 무기의 하나이다.꼬리 불꽃의 세기를 잘 컨트롤하여 자신에게 맞는거리를 두고 싸운다.꼬리의 불꽃의 크기와 파란 얼굴 무늬가 선명할수록 무리에서 지위가 높다.꼬리 불꽃의 세기를 잘 컨트롤하여 자신에게 맞는 거리를 두고 싸운다.천장이나 벽을 이용하여 공중 내려찍기를 날린다. 꼬리의 불꽃도 무기의 하나이다.꼬리의 불꽃 세기를 잘 컨트롤하여 자신에게 맞는 거리를 두고 싸운다.자료 없음","불꽃","격투","육상,인간형"
"초염몽","양팔 양쪽 다리를 활용한 특수한 격투 기술을 사용한다. 불꽃은 평생 꺼지지 않는다.머리에서 타오르는 불꽃처럼 과격한 성격의 포켓몬이다. 스피드는 누구에게도 지지 않는다.손발에 불꽃을 두르는 독특한 격투 기술을 써서 어떤 상대라도 맞서 싸운다.스피드로 상대를 압도한다. 양팔 양쪽 다리를 활용한 독특한 방식으로 싸운다.손발에 불꽃을 두르는 독특한 격투 기술을 써서 어떤 상대라도 맞서 싸운다.머리에서 타오르는 불꽃처럼 과격한 성격의 포켓몬이다. 스피드는 누구에게도 지지 않는다.스피드로 상대를 농락한다. 양팔 양다리를 활용한 독특한 방식으로 싸운다.머리에서 타오르는 불꽃처럼 과격한 성격의 포켓몬이다. 스피드는 누구에게도 지지 않는다.스피드로 상대를 농락한다. 양팔 양다리를 활용한 독특한 방식으로 싸운다.자료 없음","불꽃","격투","육상,인간형"
"팽도리","자존심이 강해서 사람에게 먹이를 얻는 것을 싫어한다. 긴 솜털이 추위를 막는다.북쪽 나라의 해안선에서 산다. 수영이 특기이다. 10분 이상 바다에 잠수해서 먹이를 잡는다.걷는 것이 서툴러서 넘어질 때도 있지만 프라이드가 높은 팽도리는 신경 쓰지 않고당당하게 가슴을 편다.신세를 지는 것을 싫어한다. 트레이너의 지시를 듣지 않아 친해지기 어렵다.걷는 것이 서툴러서 넘어질 때도 있지만 프라이드가 높은 팽도리는 신경 쓰지 않고당당하게 가슴을 편다.신세를 지는 것을 싫어한다. 트레이너의 지시를 듣지 않아 친해지기 어렵다.자존심이 강해서 사람에게 먹이를 얻는 것을 싫어한다. 긴 솜털이 추위를 막는다.신세를 지는 것을 싫어한다. 트레이너의 지시를 듣지 않아 친해지기 어렵다.자존심이 강해서 사람에게 먹이를 얻는 것을 싫어한다. 긴 솜털이 추위를 막는다.자료 없음","물","","수중1,육상"
"팽태자","무리를 만들지 않고 혼자 생활한다. 어떤 팽태자라도 자신이 제일 훌륭하다고 생각하는 듯하다.날개의 일격은 강렬하다. 큰 나무도 뚝하고 부러질 정도다. 얼음 바다에서 먹이를 찾는다.팽태자들은 모두 자신이 제일 훌륭하다고 생각하기 때문에 무리를 만드는 것은 불가능하다.무리를 만들지 않고 생활한다. 날개의 강렬한 일격은 큰 나무를 두 동강으로 꺾는다.팽태자들은 모두 자신이 제일 훌륭하다고 생각하기 때문에 무리를 만드는 것은 불가능하다.무리를 만들지 않고 혼자 생활한다. 어떤 팽태자라도 자신이 제일훌륭하다고 생각하는 듯하다.무리를 만들지 않고 생활한다. 날개의 강렬한 일격은 큰 나무를 두 동강으로 꺾는다.무리를 만들지 않고 혼자 생활한다. 어떤 팽태자라도 자신이 제일 훌륭하다고 생각하는 듯하다.무리를 만들지 않고 생활한다. 날개의 강렬한 일격은 큰 나무를 두 동강으로 꺾는다.자료 없음","물","","수중1,육상"
"엠페르트","부리에서 늘어난 3개의 뿔은 강하다는 것을 증명한다. 리더의 뿔이 제일 크다.제트스키와 맞먹는 속도로 헤엄친다. 날개 가장자리는 날카롭게 유빙을 절단한다.프라이드를 건드리는 자는 유빙까지도 절단하는 날개로 두 동강을 낸다.쓸데없는 분쟁은 하지 않지만 무리의 안전을 위협하는 적은 가차없이 때려눕힌다.프라이드를 건드리는 자는 유빙까지도 절단하는 날개로 두 동강을 낸다.제트스키와 맞먹는 속도로 헤엄친다. 날개 가장자리는 날카롭게 유빙을 절단한다.부리에서 늘어난 3개의 뿔은 강하다는 것을 증명한다. 리더의 뿔이 제일 크다.제트스키와 맞먹는 속도로 헤엄친다. 날개 가장자리는 날카롭게 유빙을 절단한다.부리에서 늘어난 3개의 뿔은 강하다는 것을 증명한다. 리더의 뿔이 제일 크다.자료 없음","물","강철","수중1,육상"
"찌르꼬","많은 수가 무리를 이루어 행동한다. 몸은 작지만 날개치는 힘은 매우 강하다.평소에는 무리로 살고 있지만 1마리가 되면 눈에 띄지 않는다. 울음소리가 무척 시끄럽다.무리를 만드는 것으로 한 마리로는 약하다는 단점을 커버하고 있지만무리가 커지면 다투기 시작한다.벌레 포켓몬을 노리고 산과 들을 많은 무리로 날아다닌다. 울음소리가 무척 시끄럽다.무리를 만드는 것으로 한 마리로는 약하다는 단점을 커버하고 있지만무리가 커지면 다투기 시작한다.많은 수가 무리를 이루어 행동한다. 몸은 작지만 날개 치는 힘은 매우 강하다.벌레 포켓몬을 노리고 산과 들을 많은 무리로 날아다닌다. 울음소리가 무척 시끄럽다.많은 수가 무리를 이루어 행동한다. 몸은 작지만 날개 치는 힘은 매우 강하다.벌레 포켓몬을 노리고 산과 들을 많은 무리로 날아다닌다. 울음소리가 무척 시끄럽다.등장하지 않음","노말","비행","비행"
"찌르버드","벌레 포켓몬을 노리고 숲이나 초원을 날아다닌다. 큰 무리를 이루어 행동한다.숲이나 초원에 서식한다. 그룹이 마주치면 영역을 건 분쟁이 시작된다.자신의 약함을 잘 알고 있기에 항상 무리를 지어 살고 있다. 혼자가 되면 요란하게 운다.큰 그룹을 만들어 행동하는 습성이 있다. 그룹 간의 분쟁이 격하다.자신의 약함을 잘 알고 있기에 항상 무리를 지어 살고 있다. 혼자가 되면 요란하게 운다.큰 그룹을 만들어 행동하는 습성이 있다. 그룹간의 분쟁이 격하다.숲이나 초원에 서식한다. 그룹이 마주치면 영역을 건 분쟁이 시작된다.큰 그룹을 만들어 행동하는 습성이 있다. 그룹 간의 분쟁이 격하다.숲이나 초원에 서식한다. 그룹이 마주치면 영역을 건 분쟁이 시작된다.등장하지 않음","노말","비행","비행"
"찌르호크","사나운 성격의 포켓몬이다. 자신보다도 몸이 큰 상대에게도 과감하게 도전한다.날개와 발의 근육이 강해 작은 포켓몬을 붙잡은 채로 너끈히 날 수 있다.자신의 몸이 상처를 입더라도 공격을 그만두지 않게 되었다. 볏의 모양을 신경 쓴다.찌르호크가 되면 무리에서 떨어져 혼자서 살아간다. 강인한 날개를 가지고 있다.자신의 몸이 상처를 입더라도 공격을 그만두지 않게 되었다. 볏의 모양을 신경 쓴다.날개와 발의 근육이 강해 작은 포켓몬을 붙잡은 채로 너끈히 날 수 있다.찌르호크가 되면 무리에서 떨어져 혼자서 살아간다. 강인한 날개를 가지고 있다.날개와 발의 근육이 강해 작은 포켓몬을 붙잡은 채로 너끈히 날 수 있다.찌르호크가 되면 무리에서 떨어져 혼자서 살아간다. 강인한 날개를 가지고 있다.등장하지 않음","노말","비행","비행"
"비버니","어떤 것에도 동요하지 않는 대담한 신경의 소유자다. 보기 보다는 기민하게 활동한다.항상 큰 나무나 돌을 갉아서 튼튼한 앞니를 갈아내고 있다. 물가에 둥지를 만들어 산다.비버니와 꼬렛의 앞니 어느 쪽이 빨리 길게 자라는가 비교한 결과 무승부였다.물가에서 무리를 만들어 생활한다.앞니로 갉기 때문에 보금자리 주변의 돌이나 나무가 갉아져 있다.비버니와 꼬렛의 앞니 어느 쪽이 빨리 길게 자라는가 비교한 결과 무승부였다.어떤 것에도 동요하지 않는 대담한 신경의 소유자다. 보기보다는 기민하게 활동한다.항상 큰 나무나 돌을 갉아서 튼튼한 앞니를 갈아내고 있다. 물가에 둥지를 만들어 산다.어떤 것에도 동요하지 않는 대담한 신경의 소유자다. 보기보다는 기민하게 활동한다.자료 없음","노말","","수중1,육상"
"비버통","강을 나무열매나 진흙의 댐으로 막아서 거처를 만든다. 부지런한 일꾼으로 알려져 있다.지상에서의 동작은 느리지만 헤엄치는 스피드는 빈티나와 호각을 이룬다.비버통이 댐을 만든 강은 범람하는 일이 없기에 근처의 사람들로부터 감사를 받는다.예리한 앞니로 갉아 얻은 나뭇가지나 뿌리를 쌓아 물가에 부지런히 보금자리를 만든다.비버통이 댐을 만든 강은 범람하는 일이 없기에 근처의 사람들로부터 감사를 받는다.예리한 앞니로 갉아 얻은 나뭇가지나 뿌리를 쌓아 물가에 부지런히 보금자리를 만든다.강을 나무줄기나 진흙의 댐으로 막아서 거처를 만든다. 부지런한 일꾼으로 알려져 있다.예리한 앞니로 갉아 얻은 나뭇가지나 뿌리를 쌓아 물가에 부지런히 보금자리를 만든다.자료 없음","노말","물","수중1,육상"
"귀뚤뚜기","머리를 전후로 흔들어 더듬이를 서로 부딪치며 실로폰 같은 소리를 낸다.더듬이를 서로 부딪쳐 내는 소리로 동료와 대화한다. 음색은 가을 밤의 정취를 잘 나타낸다.다리가 짧아 넘어지려고 할 때마다 단단한 더듬이가 서로 비벼져서실로폰 소리 같은 것이 울린다.더듬이가 서로 부딪치면 딩동딩동 실로폰 같은 음색을 연주한다.다리가 짧아 넘어지려고 할 때마다 단단한 더듬이가 서로 비벼져서실로폰 소리 같은 것이 울린다.더듬이를 서로 부딪쳐 내는 소리로 동료와 대화한다. 음색은 가을 밤의 정취를 잘 나타낸다.더듬이를 서로 부딛쳐 내는 소리로 동료와 대화한다. 음색은 가을밤의 정취를 잘 나타낸다.더듬이가 서로 부딪히면 딩동딩동 실로폰 같은 음색을 연주한다.자료 없음","벌레","","벌레"
"귀뚤톡크","울 때는 나이프 같은 팔을 가슴 앞에서 교차시킨다. 즉흥으로 멜로디를 만든다.감정을 멜로디로 나타낸다. 멜로디의 법칙성을 학자들이 연구하고 있다.변화무쌍한 울음소리를 겨루는 울음소리 비교 놀이를 즐기는 마을이 있다.몸 안에 있는 빈 공간으로 소리를 메아리치게 해 아름다운 울음소리가 된다.변화무쌍한 울음소리를 겨루는 울음소리 비교 놀이를 즐기는 마을이 있다.울 때는 나이프 같은 팔을 가슴 앞에서 교차시킨다. 즉흥으로 멜로디를 만든다.감정을 멜로디로 나타낸다. 멜로디의 법칙성을 학자들이 연구하고 있다.자료 없음","벌레","","벌레"
"꼬링크","위험을 느끼면 전신의 털이 빛난다. 그로 인해 상대가 앞을 보지 못하는 동안 도망친다.근육의 움직임으로 전기를 만드는 구조를 앞 발에 가지고 있다. 위급해지면 전신이 빛난다.몸을 움직일 때마다 근육이 늘어났다 줄어들었다 하여 전기가 발생한다.궁지에 몰리면 몸이 빛난다.근육이 늘었다 줄었다 하면서 전기가 발생한다. 위급해지면 털이 눈부시게 빛난다.몸을 움직일 때마다 근육이 늘어났다 줄어들었다 하여 전기가 발생한다.궁지에 몰리면 몸이 빛난다.위험을 느끼면 전신의 털이 빛난다. 그로 인해 상대가 앞을 보지 못하는 동안 도망친다.몸을 움직일 때마다 근육이 늘었다 줄어들었다 하여 전기가 발생한다. 궁지에 몰리면 몸이 빛난다.위험을 느끼면 전신의 털이 빛난다. 그로 인해 상대가 앞을 보지 못하는 동안 도망친다.도감에 없음등장하지 않음근육을 수축해서 전기를 만든다. 몸을 떠는 것은 격렬하게 전기를 발생시키고 있다는 증거다.털이 전기로 빛난다. 밝게 빛나는 꼬리 끝을 흔들어 동료에게 신호를 보낸다.","전기","","육상"
"럭시오","발톱에서는 한 방에 적을 기절시킬 정도로 강한 전류가 흐른다.여러 마리가 그룹을 이루어 산다.앞발로 동료의 몸에 접촉한다. 발톱에서 흐르는 전기의 리듬으로 자신의 기분을 전달한다.날카로운 발톱의 끝에는 강한 전기가 흐르고 있어서 살짝 스치는 것만으로 상대를 기절시킨다.동료와 꼬리를 이으면 더욱 강력한 전기를 발톱에서 낼 수 있다.날카로운 발톱의 끝에는 강한 전기가 흐르고 있어서 살짝 스치는 것만으로 상대를 기절시킨다.발톱에서는 한 방에 적을 기절시킬정도로 강한 전류가 흐른다. 여러 마리가 그룹을 이루어 산다.날카로운 발톱의 끝에는 강한 전기가 흐르고 있어서 살짝 스치는 것만으로 상대를 기절시킨다.발톱에서는 한 방에 적을 기절시킬정도로 강한 전류가 흐른다. 여러 마리가 그룹을 이루어 산다.날카로운 발톱의 끝에는 강한 전기가 흐르고 있어서 살짝 스치는 것만으로 상대를 기절시킨다.도감에 없음등장하지 않음꼬리를 이어서 동료로부터 전기 에너지를 나눠 받으면 보다 강한 전격을 내보낼 수 있다.적을 만나면 100만 볼트의 위력을 가진 발톱을 드러내어 싸움에 대비한다.","전기","","육상"
"렌트라","모든 것을 투시해 버리는 눈을 가지고 있다. 보이지 않는 곳에 숨은 먹이를 찾아서 잡는다.눈동자가 금색으로 빛날 때 벽의 저편에 숨어 있는 먹이를 찾아낼 수 있다.벽 저편이라도 볼 수 있는 힘으로 도망친 먹이를 쫓는 것 이외에도미아가 된 아이를 찾기도 한다.렌트라의 투시능력은 위험한 것을 발견했을 때 매우 도움이 된다.벽 저편이라도 볼 수 있는 힘으로 도망친 먹이를 쫓는 것 이외에도미아가 된 아이를 찾기도 한다.눈동자가 금색으로 빛날 때 벽의 저편에 숨어 있는 먹이를 찾아낼 수 있다.렌트라의 투시능력은 위험한 것을 발견했을 때 매우 도움이 된다.눈동자가 금색으로 빛날 때 벽의 저편에 숨어 있는 먹이를 찾아낼 수 있다.렌트라의 투시 능력은 위험한 것을 발견할 때 매우 도움이 된다.도감에 없음등장하지 않음투시 능력을 가진 포켓몬. 두꺼운 벽 반대편에 숨어있는 먹이를 순식간에 찾아낸다.투시는 전기 에너지를 매우 많이 소모하기 때문에 오랜 기간 수면을 취해서 에너지를 비축한다.","전기","","육상"
"꼬몽울","겨울 동안 봉오리를 닫고 추위를 견딘다. 봄이 되면 봉오리를 펴서 꽃가루를 날린다.맑은 연못 주위에 서식한다. 세찬 재채기와 콧물을 일으키는 꽃가루를 흩뿌린다.온도 변화에 민감하여 따뜻한 햇볕을 느끼면 반드시 꽃봉오리를 피운다고 한다.따뜻한 햇볕을 쬐면 봉오리를 펴서 꽃가루를 날린다. 아름다운 물 가까이에 거처가 있다.온도 변화에 민감하여 따뜻한 햇볕을 느끼면 반드시 꽃봉오리를 피운다고 한다.주위 온도 변화에 민감하다. 따뜻해지면 꽃봉오리가 피어 독을 머금은 꽃가루를 흩뿌린다.따뜻한 햇볕을 쬐면 봉오리를 펴서 꽃가루를 날린다. 깨끗한 물 가까이에 거처가 있다.겨울 동안 봉오리를 닫고 추위를 견딘다. 봄이 되면 봉오리를 펴서 꽃가루를 날린다따뜻한 햇볕을 쬐면 봉오리를 펴서 꽃가루를 날린다. 깨끗한 물 가까이에 거처가 있다.겨울 동안 봉오리를 닫고 추위를 견딘다. 봄이 되면 봉오리를 펴서 꽃가루를 날린다.자료 없음기온 변화에 민감하다. 봉오리가 피기 시작하면 곧 봄이 온다.","풀","독","알미발견"
"로즈레이드","달콤한 향기로 유인하여 양팔의 꽃다발 속에 있는 가시의 채찍으로 꼼짝 못하게 한다.댄서 같은 재빠른 몸놀림으로 독가시가 빽빽이 늘어선 채찍을 조종하여 공격한다.양손의 독 성분은 각각 다른 종류지만 어느 쪽에 찔려도 치명적이다.달콤한 향기로 먹이를 유인해 독으로 쓰러뜨린다. 독이 강할수록 달콤한 향기도 강해진다.양손의 독 성분은 각각 다른 종류지만 어느 쪽에 찔려도 치명적이다.달콤한 향기로 먹이를 유인해 양팔의 독 채찍을 사용하여 찌르거나 조여서 꼼짝 못하게 한다.댄서 같은 재빠른 몸놀림으로 독가시가 빽빽이 늘어선 채찍을 조종하여 공격한다.달콤한 향기로 먹이를 유인해 양팔의 독 채찍을 사용하여 찌르거나 조여서 꼼짝 못하게 한다.댄서 같은 재빠른 몸놀림으로 독가시가 빽빽이 늘어선 채찍을 조종하여 공격한다.자료 없음향긋한 꽃향기로 상대를 혼란스럽게 한 다음 가시 채찍으로 세차게 때린다.오른손의 독은 즉효성이고 왼손의 독은 지효성을 띠고 있다. 양쪽 모두 생명에 지장을 준다.","풀","독","요정,식물"
"두개도스","약 1억 년 전에 고대의 밀림에서 살고 있었다. 두개골이 철처럼 단단하다.철구 같은 화석에서 부활한 고대 포켓몬이다. 박치기로 먹이를 꼼짝 못하게 한다.대략 1억 년 전의 포켓몬이다. 정글에서 태어나 자라 방해되는 수목은 박치기로 꺾었다.두개도스끼리 머리를 부딪히는 것으로 튼튼한 머리가 더욱 단련된다.대략 1억 년 전의 포켓몬이다. 정글에서 태어나 자라 방해되는 수목은 박치기로 꺾었다.대략 1억 년 전의 포켓몬이다. 정글에서 태어나 자라 방해되는 수목을 박치기로 꺾었다.철구 같은 화석에서 부활한 고대 포켓몬이다. 박치기로 먹이를 꼼짝 못하게 한다.대략 1억 년 전의 포켓몬이다. 정글에서 태어나 자라 방해되는 수목은 박치기로 꺾었다.철구 같은 화석에서 부활한 고대 포켓몬이다. 박치기로 먹이를 꼼짝 못하게 한다.대략 1억 년 전의 포켓몬이다. 정글에서 태어나고 자라며 방해되는 수목은 박치기로 꺾었다.1억 년 정도 전의 밀림에서 살았었다. 특기인 박치기로 프테라에게 저항했었다.두개도스의 화석이 발견되는 지층에는 부러진 나무의 화석도 같이 발굴된다.태곳적 포켓몬. 딱딱하고 튼튼한 두개골을 가졌지만 머리는 정말 나빴다.단단한 두개골이 특징이다. 박치기로 나무를 부러뜨려 잘 익은 나무열매를 먹었다.자료 없음","바위","","괴수"
"램펄드","강력한 박치기 공격은 아무리 튼튼한 것이라도 일격에 분쇄하는 위력을 가지고 있다.철처럼 단단한 두개골이다. 정글의 나무를 넘어뜨려서 먹이를 잡는 난동꾼이다.머리로 격렬하게 치고받아도 두개골은 두께가 30cm나 되기에 기절하거나 하지 않는다.어떤 충격에도 견딜 수 있는 두꺼운 두개골에 눌려 뇌가 자라지 않았다.머리로 격렬하게 치고받아도 두개골은 두께가 30cm나 되기에 기절하거나 하지 않는다.어떤 충격에도 견딜 수 있는 두꺼운 두개골에 눌려 뇌가 자라지 않았다.철처럼 단단한 두개골이다. 정글의 나무를 넘어뜨려서 먹이를 잡는 난동꾼이다.어떤 충격에도 견딜 수 있는 두꺼운 두개골에 눌려 뇌가 자라지 않았다.철처럼 단단한 두개골이다. 정글의 나무들을 넘어뜨려서 먹이를 잡는 난동꾼이다.박치기를 반복해서 두개골은 단단하고 두꺼워졌지만 뇌는 두개도스보다 작아졌다.복원되어 진화한 램펄드가 도망쳐 박치기로 고층 빌딩을 파괴했다는 기록이 있다.먼 옛날 사람은 화석을 발굴하여 강철보다 딱딱한 두개골로 투구를 만들었다.박치기가 특기인 고대 포켓몬이다. 뇌가 정말 작기 때문에 멍청해서 멸종했다는 설도 있다.자료 없음","바위","","괴수"
"방패톱스","약 1억 년 전에 밀림에서 살고 있었던 포켓몬이다. 얼굴의 피부가 매우 단단하다.큰 나무의 줄기에 비벼서 단단한 얼굴을 닦는 습성이 있다. 뒤로부터의 공격에 약하다.뛰어난 방어력을 지녔다. 그 덕분에 특별히 다투는 일도 없이 풀이나 나무열매를 먹으며 지낸다.1억 년 전에 지층에서 발굴된 화석에서 태어났다. 매우 튼튼한 얼굴을 가졌다.뛰어난 방어력을 지녔다. 그 덕분에 특별히 다투는 일도 없이 풀이나 나무열매를 먹으며 지낸다.큰 나무의 줄기에 비벼서 단단한 얼굴을 닦는 습성이 있다. 뒤로부터의 공격에 약하다.1억 년 전의 지층에서 발굴된 화석에서 태어났다. 매우 튼튼한 얼굴을 가졌다.큰 나무의 줄기에 비벼서 단단한 얼굴을 닦는 습성이 있다. 뒤로부터의 공격에 약하다.1억 년 전의 지층에서 발굴된 화석에서 태어났다. 매우 튼튼한 얼굴을 가졌다.많은 화석이 발견되었지만 얼굴 부분에 상처가 있거나 이가 빠져 있는 것은 거의 없다.튼튼한 얼굴 덕분에 적은 적었을 것으로 여겨진다. 태고의 정글에 살았다.온순한 초식 포켓몬. 튼튼한 얼굴 피부로 지면을 파고들어 나무 뿌리도 먹었다.태고의 지층에서 화석이 발견되었지만 얼굴 이외의 부분이 발견된 적은 없다.자료 없음","바위","강철","괴수"
"바리톱스","정면에서의 공격은 전부 물리친다. 풀이나 나무열매를 먹는 얌전한 성격이다.상대에게 습격당했을 때는 얼굴을 방패로 방벽을 만들어 무리의 새끼들을 지킨다.옆에 한 줄로 세우면 어떤 포켓몬이라도 돌파하지 못한다. 그렇게 하여 아기를 지켜냈다.무리를 이루어 생활하는 바리톱스는 적에게 습격당하면옆으로 늘어서서 딱딱한 얼굴로 공격을 막는다.옆에 한 줄로 세우면 어떤 포켓몬이라도 돌파하지 못한다. 그렇게 하여 아기를 지켜냈다.일렬횡대로 죽 늘어서면 어떤 포켓몬이라도 돌파하지 못한다. 이렇게 하여 아기를 지켜냈다.정면에서의 공격은 전부 튕겨낸다. 풀이나 나무열매를 먹는 얌전한 성격이다.일렬횡대로 죽 늘어서면 어떤 포켓몬이라도 돌파하지 못한다. 이렇게 하여 아기를 지켜냈다.정면에서의 공격은 전부 튕겨낸다. 풀이나 나무열매를 먹는 얌전한 성격이다.정면에서라면 어떤 공격이든 가드할 수 있지만 뒤를 뺏기면 방법이 없다.램펄드와 비슷한 장소에 있었다. 2마리가 싸워 같이 쓰러져 있는 화석이 발견될 때도 있다.얼굴의 뼈가 크고 딱딱해서 복원에 성공할 때까지 등뼈라고 잘못 알려져 있었다.약 1억 년 전의 포켓몬이다. 무섭게 튼튼한 얼굴은 강철 이상의 경도를 가졌다.자료 없음","바위","강철","괴수"
"도롱충이","차가운 초겨울바람을 막으려고 작은 가지나 낙엽을 재료로 도롱이를 만들어 몸을 감싼다.싸움으로 도롱이가 부서져 버리면 가까이 있는 재료로 도롱이를 바로 만들어 고친다.몸을 둘러쌀 재료가 없는 장소에서 태어나도 도롱충이는 어느새 도롱이를 걸치고 있다.도롱이로 몸을 감싸고 추운 계절을 견딘다. 따뜻한 계절에는 도롱이가 얇다.몸을 둘러쌀 재료가 없는 장소에서 태어나도 도롱충이는 어느새 도롱이를 걸치고 있다.차가운 초겨울 바람을 막으려고 작은 가지나 낙엽을 재료로 도롱이를 만들어 몸을 감싼다.싸움으로 도롱이가 부서져 버리면 가까이 있는 재료로 도롱이를 바로 만들어 고친다.차가운 초겨울 바람을 막으려고 작은 가지나 낙엽을 재료로 도롱이를 만들어 몸을 감싼다.자료 없음","벌레","","벌레"
"도롱마담","도롱충이로부터 진화할 때 도롱이가 몸의 일부가 되었다. 일생 도롱이를 벗는 일은 없다.진화한 장소에 따라 모습이 바뀐다. 가까이 있는 재료가 몸의 일부가 된다.진화할 때 주변에 있는 재료를 몸에 둘러싸기 위해 많은 바리에이션이 있다.기온이 낮은 날 도롱마담으로 진화하면 도롱이의 두께가 여느 때보다 두껍다고 전해진다.진화할 때 주변에 있는 재료를 몸에 둘러싸기 위해 많은 바리에이션이 있다.진화한 장소에 따라 모습이 바뀐다. 가까이 있는 재료가 몸의 일부가 된다.도롱충이로부터 진화할 때 도롱이가 몸의 일부가 되었다. 일생 도롱이를 벗는 일은 없다.진화한 장소에 따라 모습이 바뀐다. 가까이 있는 재료가 몸의 일부가 된다.도롱충이로부터 진화할 때 도롱이가 몸의 일부가 되었다. 일생 도롱이를 벗는 일은 없다.자료 없음","벌레","풀","벌레"
"나메일","꽃의 꿀을 매우 좋아한다. 세꿀버리가 모아둔 꿀을 가로채어 먹어 버린다.정해진 거처를 갖지 않는다. 좋아하는 꽃의 꿀을 찾아서 산과 들을 넘어 날아다닌다.꽃의 꿀을 제일 좋아하지만 자신은 모으지 않고 세꿀버리로부터 가로챌 생각만 한다.한밤중에 활발하게 날아다니며 잠든 세꿀버리의 둥지에서 꿀을 훔쳐 달아난다.꽃의 꿀을 제일 좋아하지만 자신은 모으지 않고 세꿀버리로부터 가로챌 생각만 한다.꽃의 꿀을 매우 좋아한다. 세꿀버리가 모아둔 꿀을 가로채어 먹어 버린다.한밤중에 활발하게 날아다니며 잠든 세꿀버리의 둥지에서 꿀을 훔쳐 달아난다.꽃의 꿀을 매우 좋아한다. 세꿀버리가 모아둔 꿀을 가로채어 먹어 버린다.한밤중에 활발하게 날아다니며 잠든 세꿀버리의 둥지에서 꿀을 훔쳐 달아난다.자료 없음","벌레","비행","벌레"
"세꿀버리","3마리가 하나가 된 포켓몬이다. 비퀸을 위해서 부지런히 꽃의 달콤한 꿀을 나른다.모은 꿀을 거처로 운반한다. 밤에는 많은 세꿀버리가 겹쳐져 벌집이 되어 잠잔다.태어났을 때부터 3마리가 함께한다. 비퀸을 기쁘게 하기 위해 항상 꽃의 꿀을 모으고 있다.밤이 되면 100마리 정도의 세꿀버리가 모여 커다란 덩어리가 되어 잠잔다.태어났을 때부터 3마리가 함께한다. 비퀸을 기쁘게 하기 위해 항상 꽃의 꿀을 모으고 있다.3마리 세트인 포켓몬. 잠들 때 세꿀버리가 100마리 모여서 큰 둥지를 만든다.태어났을 때부터 3마리가 함께한다. 비퀸을 기쁘게 하기 위해 항상 꽃의 꿀을 모으고 있다.모은 꿀을 거처로 운반한다. 밤에는 많은 세꿀버리가 겹쳐져 벌집이 되어 잠잔다.태어났을 때부터 3마리가 함께한다. 비퀸을 기쁘게 하기 위해 항상 꽃의 꿀을 모으고 있다.모은 꿀을 거처로 운반한다. 밤에는 많은 세꿀버리가 겹쳐져 벌집이 되어 잠잔다.자료 없음언제나 3마리가 같이 있지만 좋아하는 꽃의 꿀은 저마다 미묘하게 다르다.새벽부터 저녁때까지 꿀을 계속 모은다. 모든 것은 무리와 비퀸을 위해서다.","벌레","비행","벌레"
"비퀸","몸통이 새끼들의 둥지로 되어 있다. 세꿀버리가 모은 꿀로 새끼들을 키운다.위급해지면 6개의 둥지에서 새끼가 뛰쳐나와 반격한다. 무리의 비퀸은 1마리뿐이다.수많은 페로몬을 내어 몸통에 있는 아기들을 자유자재로 조종하여 상대랑 싸운다.몸의 구멍 안에 새끼를 키운다. 세꿀버리를 조종하는 페로몬을 분비한다.수많은 페로몬을 내어 몸통에 있는 아기들을 자유자재로 조종하여 상대랑 싸운다.몸통은 아기들의 둥지다. 여러 페로몬을 내어 새끼들을 자유롭게 조종한다.몸통이 새끼들의 둥지로 되어 있다. 세꿀버리가 모은 꿀로 새끼들을 키운다.몸통은 아기들의 둥지다. 여러 페로몬을 내어 새끼들을 자유롭게 조종한다.몸통이 새끼들의 둥지로 되어 있다. 세꿀버리가 모은 꿀로 새끼들을 키운다.자료 없음새끼들을 자유자재로 조종하여 상대와 싸운다. 새끼들은 비퀸을 위해 목숨을 걸고 싸운다.페로몬을 발산하는 양이 많은 비퀸일수록 많은 세꿀버리를 거느리고 있다.","벌레","비행","벌레"
"파치리스","정전기가 모여 톡톡 튀는 솜털을 자신이 좋아하는 나무열매와 함께 나무줄기의 구멍에 숨긴다.볼의 전기 주머니에서 만든 전기를 꼬리로 내보낸다. 나무 위에서 생활하고 있다.모인 전기를 나눠주려고 뺨의 주머니를 서로 비비는 파치리스를 발견하기도 한다.볼에 전기 주머니를 가진 포켓몬 친구. 꼬리에 모인 전기를 방출한다.모인 전기를 나눠주려고 뺨의 주머니를 서로 비비는 파치리스를 발견하기도 한다.정전기가 모여 톡톡 튀는 솜털을 자신이 좋아하는 나무열매와 함께 나무줄기의 구멍에 숨긴다.모인 전기를 나눠주려고 뺨의 주머니를 서로 비비는 파치리스가 발견되기도 한다.정전기가 모여 톡톡 튀는 솜털을 자신이 좋아하는 나무열매와 함께 나무줄기의 구멍에 숨긴다.모인 전기를 나눠주려고 뺨의 주머니를 서로 비비는 파치리스가 발견되기도 한다.등장하지 않음","전기","","육상,요정"
"브이젤","목에 있는 부낭에 공기를 모으면 튜브처럼 부푼다. 수면에 얼굴을 내밀고 뜬다.2개의 꼬리를 스크루처럼 돌려서 헤엄친다. 잠수할 때는 공기주머니가 오그라든다.꼬리를 스크루처럼 돌려서 수중을 헤엄치는 것뿐만 아니라 엉겨 붙는 해초도 자를 수 있다.목의 부낭을 부풀려 수면에 얼굴을 내밀고 지상에 있는 먹이의 움직임을 살핀다.꼬리를 스크루처럼 돌려서 수중을 헤엄치는 것뿐만 아니라 엉겨 붙는 해초도 자를 수 있다.목의 부낭을 부풀려 수면에서 얼굴을 내밀어 주변의 상황을 살피고 있다.2개의 꼬리를 스크루처럼 돌려서 헤엄친다. 잠수할 때는 부낭이 오그라든다.목의 부낭을 부풀려 수면에서 얼굴을 내밀어 주변의 상황을 살피고 있다.자료 없음","물","","수중1,육상"
"플로젤","발달한 부낭으로 뜬다. 물에 빠진 사람을 구조하는 것을 돕는 포켓몬이다.수중의 먹이를 쫓아가는 사이에 부낭이 발달했다. 고무보트처럼 사람을 태운다.어촌에서 많이 발견되고 물에 빠진 사람을 구하거나 잡은 먹이를 운반한다.부낭을 부풀리면 사람을 등에 태울 수 있다. 부낭을 오그라들게 하여 잠수한다.어촌에서 많이 발견되고 물에 빠진 사람을 구하거나 잡은 먹이를 운반한다.어촌에서 많이 살고 있으며 물에 빠진 사람을 구하거나 잡은 먹이를 운반한다.발달한 부낭으로 뜬다. 물에 빠진 사람을 구조하는 것을 돕는 포켓몬이다.수중의 먹이를 쫓아가는 사이에 부낭이 발달했다. 고무보트처럼 사람을 태운다.발달한 부낭으로 뜬다. 물에 빠진 사람을 구조하는 것을 돕는 포켓몬이다.수중의 먹이를 쫓아가는 사이에 부낭이 발달했다. 고무보트처럼 사람을 태운다.자료 없음","물","","수중1,육상"
"체리버","진화에 필요한 영양분이 작은 구슬에 모여 있다. 매우 달고 맛있는 듯 하다.햇빛으로 빨갛게 물들었다. 영양분이 흡수되어 작은 구슬이 시들면 곧 진화한다는 뜻이다.작은 구슬에는 영양이 가득할 뿐 아니라 맛도 있어서 찌르꼬에게 쪼이거나 한다.작은 구슬에 모인 영양분을 흡수해 진화의 에너지로 삼는다.작은 구슬에는 영양이 가득할 뿐 아니라 맛도 있어서 찌르꼬에게 쪼이거나 한다.햇빛으로 빨갛게 물들었다. 영양분이 흡수되어 작은 구슬이 시들면 곧 진화한다는 뜻이다.작은 구슬에 모인 영양분을 흡수해 진화의 에너지로 삼는다.햇빛으로 빨갛게 물들었다. 영양분이 흡수되어 작은 구슬이 시들면 곧 진화한다는 뜻이다.작은 구술에 모인 영양분을 흡수해 진화의 에너지를 삼는다.자료 없음영양이 듬뿍 담긴 구슬을 새포켓몬들이 아주 좋아한다. 쪼이지 않기 위해 도망 다닌다.몸이 빨간 체리버일수록 영양이 많고 구슬의 맛도 달고 맛있다.","풀","","요정,식물"
"체리꼬","햇살이 강해지면 꽃이 핀다. 봉오리일 때에 참고 견딘 울분을 한번에 푸는 것이다.봉오리일 때는 얌전하지만 꽃이 피면 항상 생글생글 한다. 해가 지면 봉오리로 되돌아간다.강한 햇살을 느끼면 움츠려 있던 꽃잎을 펼쳐 전신으로 햇빛을 받는다.봉오리가 태양빛을 쬐어 꽃잎을 피면 활발하게 움직일 수 있게 된다.강한 햇살을 느끼면 움츠려 있던 꽃잎을 펼쳐 전신으로 햇빛을 받는다.봉오리가 태양의 빛을 쬐어 꽃잎이 피면 활발하게 움직일 수 있게 된다.강한 햇살을 느끼면 움츠려 있던 꽃잎을 펼쳐 전신으로 햇빛을 받는다.봉오리가 태양의 빛을 쬐어 꽃잎이 피면 활발하게 움직일 수 있게 된다.강한 햇살을 느끼면 움츠려 있던 꽃잎을 펼쳐 전신으로 햇빛을 받는다.자료 없음네거폼/봉오리일 때는 얌전하고 거의 움직이지 않는다. 햇빛이 들기만을 가만히 기다리고 있다.
포지폼/태양의 빛을 받아 기운이 넘치는 모습. 해가 지기 전까지는 활발하다.네거폼/겹쳐진 꽃잎은 딱딱하다. 새포켓몬에게 쪼여도 아무렇지도 않다.
포지폼/만개한 꽃잎에서 감도는 희미한 향기가 벌레포켓몬을 끌어모은다.","풀","","요정,식물"
"깝질무","서식지에 따라 다른 모양과 색깔을 띠고 있다. 신오지방에는 2종류가 확인되어 있다.물가에 서식한다. 서식지 환경에 맞춰서 몸의 형태가 변화했다.부드러운 몸을 강하게 누르면 보랏빛이 나는 정체불명의 액체가 배어 나오므로주의가 필요하다.사는 장소의 환경에 따라 몸의 모양과 색깔이 변화하기 쉬운 포켓몬이다.부드러운 몸을 강하게 누르면 보랏빛이 나는 정체불명의 액체가 배어 나오므로주의가 필요하다.사는 장소의 환경에 따라 몸의 모양과 색깔이 변화하기 쉬운 포켓몬이다.부드러운 몸을 강하게 누르면 보랏빛이 나는 정체불명의 액체가 배어 나오므로 주의가 필요하다.사는 장소의 환경에 따라 몸의 모양과 색깔이 변화하기 쉬운 포켓몬이다.물가가 주요 서식지다. 서식지의 환경이나 먹이의 질에 따라 색과 모습이 다르다. (서쪽바다)바닷속의 플랑크톤을 먹는다. 아름다운 바다에 사는 깝질무일수록 선명한 몸의 색을 띠고 있다. (동쪽바다)만지면 보라색 점액이 손에 묻는다. 아무리 씻어도 좀처럼 떨어지지 않으므로 주의. (서쪽바다)깝질무 색의 차이는 먹이에 따라 다르다. 능력에 커다란 변화는 보이지 않는다. (동쪽바다)평소에는 바닷속에서 지내지만, 피부가 마르기 전까지는 육지에서도 활동할 수 있다. (서쪽바다)위험을 감지하면 보라색 액체를 내뿜는다. 긴장해서 진땀을 흘리는 것이라는 설도 있다. (동쪽바다)위험을 느끼면 보라색 분비액을 내보낸다. 진땀 같은 것이라고 여겨지고 있다. (서쪽바다)높은 재생 능력을 눈여겨본 과학자가 세포의 성분을 분석 중이다. (동쪽바다)자료 없음환경에 따라 모습이 바뀐다. 수온이 따뜻한 바다에서는 이 모습이 된다는 설도 있다. (서쪽바다)
먹이에 따라 모습이 변한다고도 전해지지만 진실은 아직 밝혀지지 않았다. (동쪽바다)세게 만지면 보라색의 정체 모를 액체를 내보낸다. 해롭지는 않지만 끈적거린다. (서쪽바다)
환경에 따라 모습이 변한다. 수온이 차가운 바다에서는 이 모습으로 변한다는 설도 있다. (동쪽바다)","물","","수중1,부정형"
"트리토돈","뼈가 없이 흐믈흐믈한 몸이다. 몸 일부가 조각나도 바로 재생되어 원래대로 되돌아온다.아주 옛날에는 튼튼한 껍질로 몸을 보호하고 있었던듯 하다. 바다의 얕은 곳에서 서식한다옛날에는 튼튼한 껍질로 등 전체를 두르고 있었다. 세포에 그 흔적이 있다.천적에게 습격당했을 때는 보라색 액체를 몸에서 내어 도망간다.옛날에는 등 전체를 단단한 껍질이 감싸고 있었다. 세포에 흔적이 남아 있다.옛날에는 튼튼한 껍질로 등 전체를 두르고 있었다. 세포에 그 흔적이 있다.천적에게 습격당했을 때는 보라색 액체를 몸에서 내어 도망간다.아주 옛날에는 튼튼한 껍질로 몸을 보호하고 있었던 듯하다. 바다의 얕은 곳에서 서식한다.천적에게 습격당했을 때는 보라색 액체를 몸에서 내어 도망간다.아주 옛날에는 튼튼한 껍질로 몸을 보호하고 있었던 듯하다. 바다의 얕은 곳에서 서식한다.재생능력이 높다. 물고기포켓몬에게 물어뜯겨도 몇 시간이면 원래대로 돌아온다. (서쪽바다)본 적 없는 색의 트리토돈을 발견하기 위해 연구팀이 세상의 바다를 조사 중이다. (동쪽바다)눈에 보이지 않는 플랑크톤이 주된 먹이다. 육지에 올라오지만 이유는 아직 밝혀지지 않았다. (서쪽바다)태어난 바다와 다른 장소에서 트리토돈을 키우면 어떻게 될지 실험이 진행되고 있다. (동쪽바다)옛날에는 껍질을 등에 지고 있었다. 그 흔적이 남아 등 안에 딱딱하고 얇은 접시가 있다. (서쪽바다)습격당하면 보라색의 액체를 내뿜는다. 독은 아니지만 고기가 써지기 때문에 잡아먹히지 않는다. (동쪽바다)사는 장소나 먹이의 영향으로 색이나 모습이 변화한다. 파도가 잔잔한 바위해변에 많다. (서쪽바다)분류상으로는 셀러나 파르셀의 친척이다. 바다에서 올라와 먹이를 찾을 때도 있다. (동쪽바다)자료 없음먹이를 찾아 육지에도 올라온다. 트리토돈이 지나간 자리에는 끈적끈적한 점액이 남아 있다. (서쪽바다)
보라색 액체를 내뿜어서 상대를 위협한다. 독은 없지만 한번 묻으면 좀처럼 지워지지 않는다. (동쪽바다)흐물흐물한 몸이지만 제법 튼튼하다. 부드러워서 충격을 분산시킨다. (서쪽바다)
미끈미끈한 액체로 둘러싸여 있다. 건조한 환경에 약하므로 육지에서 활동 가능한 시간은 얼마 안 된다. (동쪽바다)","물","땅","수중1,부정형"
"겟핸보숭","2개의 꼬리로 나무열매 껍질을 솜씨 좋게 벗겨 먹는다. 진짜 팔은 거의 쓰지 않게 되었다.많은 무리로 행동한다. 꼬리를 맞잡아 원을 만든다. 우정의 표시인 듯 하다.2개로 나뉜 꼬리를 능숙하게 사용할 수 있어서 거의 손을 쓰지 않게 됐다.큰 나무 위에서 산다. 동료와 꼬리를 이으면 기분을 전달할 수 있다고 전해진다.2개의 꼬리에서 내는 연속 공격을 피하는 것은 굉장히 어렵다.2개로 나뉜 꼬리를 능숙하게 사용할 수 있어서 거의 손을 쓰지 않게 됐다.많은 무리로 행동한다. 꼬리를 맞잡아 원을 만든다. 우정의 표시인 듯하다.2개의 꼬리로 나무열매 껍질을 솜씨 좋게 벗겨 먹는다. 진짜 팔은 거의 쓰지 않게 되었다.많은 무리로 행동한다. 꼬리를 맞잡아 원을 만든다. 우정의 표시인 듯하다.2개의 꼬리로 나무열매 껍질을 솜씨 좋게 벗겨 먹는다. 진짜 팔은 거의 쓰지 않게 되었다.자료 없음머물기 좋은 나무를 두고 내던숭이 그룹과 영역 다툼을 하고 있다. 승률은 비슷하다.무엇을 하더라도 꼬리를 사용한다. 2개의 꼬리로 껴안는다면 정말로 친밀해졌다는 증거다.자료 없음","노말","","육상"
"흔들풍손","사람이나 포켓몬의 영혼이 한데 모여 태어난 포켓몬이다. 습기 많은 계절을 매우 좋아한다.저승으로 데려가려고 아이의 손을 끌어당기지만 반대로 자기가 끌려다닌다.정처없이 떠있는 모습에서 길잃은 영혼의 이정표라고 전해지는 옛날이야기도 있다.풍선으로 착각해 흔들풍손을 가지고 있었던 어린아이가 사라지는 경우가 있다고 한다.정처없이 떠있는 모습에서 길잃은 영혼의 이정표라고 전해지는 옛날이야기도 있다.영혼의 이정표라고 전해진다. 흔들풍손을 가지고 있는 아이는 갑자기 사라져버린다.사람이나 포켓몬의 영혼이 한데 모여 태어난 포켓몬이다. 습기 많은 계절을 매우 좋아한다.영혼의 이정표라고 전해진다. 흔들풍손을 가지고 있는 아이는 갑자기 사라져버린다.사람이나 포켓몬의 영혼이 한데 모여 태어난 포켓몬이다. 습기 많은 계절을 매우 좋아한다.영혼의 이정표라고 전해진다. 흔들풍손을 가지고 있는 아이는 갑자기 사라져버린다.어린아이의 손을 잡고 저세상으로 데려간다고 한다. 무거운 아이를 싫어한다.어떤 박자에 몸이 터지면 비명 같은 소리와 함께 영혼이 흘러나온다.둥근 몸 안에는 많은 혼으로 가득 차 있다. 누군가를 길동무로 삼을 때마다 부풀어 오른다.길가를 헤매는 영혼들이 한데 모여 태어난다. 아이를 동료로 만들려고 손을 잡아당긴다.자료 없음동료가 필요한지 아이에게 다가가지만 거칠게 다뤄져서 도망가 버리는 경우도 적지 않다.영혼들이 모여 탄생했다. 습기가 많은 계절에는 대량으로 나타나기도 한다.","고스트","비행","부정형"
"둥실라이드","낮에는 잠이 덜 깨어 떠 있지만 저녁 무렵에는 큰 무리를 지어 날아간다.목적지는 아무도 모른다.사람이나 포켓몬을 태우고 날지만 바람에 떠밀려 다닐 뿐이므로 어디로 날아갈지 모른다.해 질 녘 무리를 지어 넓은 하늘을 바람에 날리듯 이동하지만이를 눈치 챘을 때는 어느새 사라진 후다.몸 안에서 가스를 만들거나 토해내는 것으로 하늘을 나는 높이를 조절한다몸 안에서 가스를 만들거나 토해내는 것으로 하늘을 나는 높이를 조절한다.해 질 녘 무리를 지어 넓은 하늘을 바람에 날리듯 이동하지만이를 눈치 챘을 때는 어느새 사라진 후다.사람이나 포켓몬을 운반한다. 단 바람에 날려버리기 때문에 목적지를 정할 수 없다.사람이나 포켓몬을 태우고 날지만 바람에 떠밀려 다닐 뿐이므로 어디로 날아갈지 모른다.낮에는 잠이 덜 깨어 떠 있지만 저녁 무렵에는 큰 무리를 지어 날아간다.목적지는 아무도 모른다.사람이나 포켓몬을 태우고 날지만 바람에 떠밀려 다닐 뿐이므로 어디로 날아갈지 모른다.낮에는 잠이 덜 깨어 떠 있지만 저녁 무렵에는 큰 무리를 지어 날아간다. 목적지는 아무도 모른다.둥실라이드에 타고 여행을 떠난 남자가 그대로 행방불명이 되었다는 사건이 있다.석양을 나는 둥실라이드의 큰 무리는 가만히 관찰하고 있어도 어느새 사라져있다.땅거미 진 후 바람을 타며 날아다니는 둥실라이드에게 잡히면 저세상으로 데려간다는 소문이다.체내에 있는 가스의 원료는 영혼이다. 몸이 쪼그라지기 시작하면 사람이나 포켓몬을 데려간다고 한다.자료 없음억울하게 죽은 영혼이 모인 모습으로도 일컬어진다. 땅거미가 질 무렵 소리 없이 떠돈다.사람과 포켓몬을 붙잡아 그대로 어딘가로 운반한다. 행선지는 아무도 모른다.","고스트","비행","부정형"
"이어롤","말고 있던 귀를 기세 좋게 뻗어서 상대를 힘껏 친다. 어른이라도 펄쩍 뛸 만큼 아프다.위험을 느끼면 양쪽 귀를 세워서 경계한다. 추운 밤에는 털에 얼굴을 묻고 잠잔다.항상 말고 있는 귀를 힘껏 늘리면 커다란 바위도 간단히 부순다.귀를 말고 있는 모양으로 감정을 드러낸다. 떨고 있을 때는 좌우 귀를 말아버린다.항상 말고 있는 귀를 힘껏 늘리면 커다란 바위도 간단히 부순다.말고 있는 귀를 힘차게 뻗어서 땅을 치면 자신도 놀랄 만큼 뛰어오른다.항상 말고 있는 귀를 힘껏 늘리면 커다란 바위도 간단히 부순다.위험을 느끼면 양쪽 귀를 세워서 경계한다. 추운 밤에는 털에 얼굴을 묻고 잠잔다.항상 말고 있는 귀를 힘껏 늘리면 커다란 바위도 간단히 부순다.위험을 느끼면 양쪽 귀를 세워서 경계한다. 추운 밤에는 털에 얼굴을 묻고 잠잔다.도감에 없음손발의 힘은 약하지만, 단단하게 만 귀를 뻗으면 큰 바위도 산산조각 낸다.한쪽 귀를 항상 말고 있는 것은 적에게 공격당했을 때 바로 반격하기 위해서다.등장하지 않음양쪽 귀를 말고 있을 때는 몸이나 마음이 좋지 않다는 뚯이므로 관리가 필요하다.말고 있던 귀를 뻗는 힘으로 공격하는 기술은 트레이닝을 할수록 위력이 커진다.","노말","","육상,인간형"
"이어롭","경계심이 강한 포켓몬이다. 위험을 느끼면 푹신푹신한 귀 끝의 털로 몸을 감싼다.항상 귀 끝의 털을 다듬고 손질을 게을리하지 않는 깔끔쟁이다. 가뿐하게 뛰어올라 달린다.귀가 아주 민감한 부위이므로 상냥하고 정중하게 만지지 않으면 그 매끈한 다리에 채이게 된다.1년에 2회 털갈이를 한다. 추운 계절에는 털이 매우 부드럽고 질이 좋다.귀가 아주 민감한 부위이므로 상냥하고 정중하게 만지지 않으면 그 매끈한 다리에 채이게 된다.경계심이 아주 강하다. 위험을 감지하면 가뿐하게 뛰어올라 달아난다.귀가 아주 민감한 부위이므로 상냥하고 정중하게 만지지 않으면 그 매끈한 다리에 채이게 된다.경계심이 아주 강하다. 위험을 감지하면 가뿐하게 뛰어올라 달아난다.귀가 아주 민감한 부위이므로 상냥하고 정중하게 만지지 않으면 그 매끈한 다리에 차이게 된다.도감에 없음연 2회 털갈이를 한다. 그 털로 만든 머플러나 모자는 매우 따듯하다.경계심이 강하고 싸움은 좋아하지 않지만 유연한 다리로 파워풀한 킥을 날린다.등장하지 않음주위 상황을 항상 신경 쓰고 있으며 위험이 닥치면 무시무시한 파괴력을 가진 킥을 날린다.더운 계절이 끝나면 공기를 많이 머금은 털로 털갈이를 하여 추위에 대비한다.","노말","","육상,인간형"
"무우마직","주문 같은 울음소리를 내어 소리를 들은 상대를 두통이나 환각으로 괴롭힌다.주문을 외는 포켓몬이다. 상대를 고통스럽게 하는 것뿐만 아니라 행복하게 하는 주문도 있다.주문 같은 울음소리지만 가끔 상대를 행복하게 만드는 효과도 감춰져 있다고 한다.주문 같은 수상한 울음소리로 상대를 괴롭힌다. 신출귀몰하는 포켓몬이다.주문 같은 울음소리지만 가끔 상대를 행복하게 만드는 효과도 감춰져 있다고 한다.주문을 외는 포켓몬이다. 상대를 고통스럽게 하는 것뿐만 아니라 행복하게 하는 주문도 있다.주문 같은 수상한 울음소리로 상대를 괴롭힌다. 신출귀몰하는 포켓몬이다.주문을 외는 포켓몬이다. 상대를 고통스럽게 하는 것뿐만 아니라 행복하게 하는 주문도 있다.주문 같은 수상한 울음소리로 상대를 괴롭힌다. 신출귀몰하는 포켓몬이다.예고 없이 나타나 주문을 외워 저주를 걸거나 무서운 환상을 보여준다.사랑의 소원을 이뤄주는 저주를 하는 일도 있어서 목숨을 걸고 무우마직을 찾는 자도 있다.닥치는 대로 재앙과 저주를 내려 두려움의 대상이었다. 변덕을 부려 사람을 돕는 주문도 사용하기도 한다.저주의 말을 중얼거리며 심한 두통이나 무서운 환상을 보여 줘서 괴롭힌다.등장하지 않음","고스트","","부정형"
"돈크로우","밤이 되면 활동을 시작한다. 많은 니로우들을 거느리고 무리를 만든다고 알려져 있다.부하 니로우에게 먹이를 운반하게 한다. 자신은 거처에서 털다듬기에 시간을 보낸다.돈크로우가 낮은 목소리로 울면 즉시 니로우가 모여들기에 밤을 부르는 자라고도 전해진다.인정사정 없는 성격. 부하인 니로우의 실패는 절대 용서하지 않는다고 전해진다.돈크로우가 낮은 목소리로 울면 즉시 니로우가 모여들기에 밤을 부르는 자라고도 전해진다.밤이 되면 활동을 시작한다. 많은 니로우들을 거느리고 무리를 만든다고 알려져 있다.돈크로우가 낮은 목소리로 울면 즉시 니로우가 모여들기에 밤을 부르는 자라고도 전해진다.밤이 되면 활동을 시작한다. 많은 니로우들을 거느리고 무리를 만든다고 알려져 있다.야행성이다. 한번 울면 100마리를 넘는 부하 니로우가 집결한다.먹이를 잡는 데 실패하거나 배신한 부하 니로우를 끝까지 추적해서 처리한다.실패하거나 배신한 부하는 절대 용서하지 않는다. 무리의 질서를 지키기 위해 어쩔수 없다.적과 싸우는 것은 거의 부하다. 자신의 손을 더럽히는 것은 상대에게 마지막 일격을 가할 때뿐이다.등장하지 않음","악","비행","비행"
"나옹마","마음에 안 들면 발톱을 세우지만 가끔 울음소리로 응석을 부리는 성격이일부에게 매우 인기가 있다.날카로운 눈초리로 상대를 가벼운 최면 상태로 만들어 버린다. 매우 변덕스러운 포켓몬이다.트레이너가 먹이를 주지 않으면 콧구멍에 발톱을 쑤셔넣는 잔인한 면을 감추고 있다.기분이 좋은 나옹마는 꼬리로 리듬 체조의 리본처럼 아름다운 움직임을 보인다.트레이너가 먹이를 주지 않으면 콧구멍에 발톱을 쑤셔넣는 잔인한 면을 감추고 있다.마음에 안 들면 발톱을 세우지만 가끔 울음소리로 응석을 부리는 성격이일부에게 매우 인기가 있다.기분이 좋은 나옹마는 꼬리로 리듬 체조의 리본처럼 아름다운 움직임을 보인다.마음에 안 들면 발톱을 세우지만 가끔 울음소리로 응석을 부리는 성격이 일부에게 매우 인기가 있다.기분이 좋은 나옹마는 꼬리로 리듬 체조의 리본처럼 아름다운 움직임을 보인다.자료 없음","노말","","육상"
"몬냥이","다른 포켓몬의 거처라 할지라도 아무렇지 않게 들어가서 쿨쿨 잘 정도로 뻔뻔하다.몸을 크게 보여서 상대를 위압하기 위해 두 갈래의 꼬리로 허리를 꼭 쥐고 있다.몸통을 꼬리로 동여매어 자신이 크게 보이도록 한다. 눈이 마주치면 끝까지 째려본다.다른 포켓몬의 거처라 할지라도 편안하면 눌러앉아 자신의 거처로 삼아버린다.몸통을 꼬리로 동여매어 자신이 크게 보이도록 한다. 눈이 마주치면 끝까지 째려본다.다른 포켓몬의 거처라 할지라도 편안하면 눌러앉아 자신의 거처로 삼아버린다.몸을 크게 보여서 상대를 위압하기 위해 두 갈래의 꼬리로 허리를 꼭 쥐고 있다.다른 포켓몬의 거처라 할지라도 편안하면 눌러앉아 자신의 거처로 삼아버린다.몸을 크게 보여서 상대를 위압하기 위해 두 갈래의 꼬리로 허리를 꼭 쥐고 있다.자료 없음","노말","","육상"
"랑딸랑","목 속의 둥근 구슬을 떨게 하여 울음소리를 낸다. 두둥실 떠서 이동한다.뛸 때마다 딸랑딸랑 소리를 낸다. 높은 주파수의 울음소리로 상대의 귀를 들리지 않게 한다.뛰어오르면 입 안에 있는 구슬이 사방에 반사되어 방울 같은 음색을 만들어 낸다.인간의 귀에는 들리지 않는 높은 주파수로 운다. 울기 시작하면 좀처럼 멈추지 않는다.뛰어오르면 입 안에 있는 구슬이 사방에 반사되어 방울 같은 음색을 만들어 낸다.뛸 때마다 딸랑딸랑 소리를 낸다. 높은 주파수의 울음소리로 상대의 귀를 들리지 않게 한다.뛰어오르면 입안에 있는 구슬이 사방에 반사되어 방울 같은 음색을 만들어 낸다.뛸 때마다 딸랑딸랑 소리를 낸다. 높은 주파수의 울음소리로 상대의 귀를 들리지 않게 한다.뛰어오르면 입 안에 있는 구슬이 사방에 반사되어 방울 같은 음색을 만들어 낸다.자료 없음","에스퍼","","알미발견"
"스컹뿡","엉덩이에서 강렬한 구린내의 액체를 날려서 몸을 지킨다. 냄새가 24시간 사라지지 않는다.코를 틀어막을 정도로 심한 냄새가 나는 액체를 엉덩이에서 뿜어내어습격해온 적을 쫓아 버린다.엉덩이에서 뿜어지는 역한 분비액의 냄새는 범위 2km까지 멀리 퍼져주변의 포켓몬이 자리를 뜨게 한다.엉덩이에서 날리는 액체의 냄새는 2km 떨어진 곳에 있는 사람이 상태가 나빠질 정도로 역하다.엉덩이에서 뿜어지는 역한 분비액의 냄새는 범위 2km까지 멀리 퍼져주변의 포켓몬이 자리를 뜨게 한다.엉덩이에서 강렬한 구린내의 액체를 날려서 몸을 지킨다. 냄새가 24시간 사라지지 않는다.엉덩이에서 뿜어지는 역한 분비액의 냄새는 범위 2km까지 멀리 퍼져 주변의 포켓몬이 자리를 뜨게 한다.엉덩이에서 강렬한 구린내의 액체를 날려서 몸을 지킨다. 냄새가 24시간 사라지지 않는다.자료 없음엉덩이를 상대의 얼굴에 겨냥해서 엄청나게 역한 분비액을 뿜는다. 분비액은 5m 떨어진 곳까지 닿는다.꼬리를 들고 엉덩이를 돌리면 주의해야 한다. 기절할 정도로 악취 나는 분비액을 날릴 전조인 것이다.","독","악","육상"
"스컹탱크","꼬리 끝에서 심한 냄새가 나는 액체를 뿌려 공격한다. 사정거리는 50m 이상이다.꼬리에서 역한 분비액을 날린다. 배에서 숙성된 시간이 길수록 냄새가 심해진다.꼬리 끝에서 심한 냄새의 액체를 날려 공격하지만 위에서 공격을 받게 되면 당황한다.꼬리 끝에서 역한 냄새가 나는 액체를 뿌려 공격한다. 연속해서 뿌리면 냄새가 약해진다.꼬리 끝에서 심한 냄새의 액체를 날려 공격하지만 위에서 공격을 받게 되면 당황한다.꼬리 끝에서 역한 냄새의 액체를 날려 공격하지만 위에서 공격을 받게 되면 당황한다.꼬리 끝에서 심한 냄새의 액체를 날려 공격하지만 위에서 공격을 받게 되면 당황한다.꼬리 끝에서 심한 냄새가 나는 액체를 뿌려 공격한다. 사정거리는 50m 이상이다.꼬리에서 역한 분비액을 날린다. 배에서 숙성된 시간이 갈수록 냄새가 심해진다.자료 없음배 안에 모아둔 역한 분비액을 꼬리에서 뿜어서 싸운다. 냄새는 먹은 것에 따라 달라진다.꼬리 끝에서 날리는 분비액의 냄새는 강렬하다. 땅에 구멍을 파서 굴을 만든다.","독","악","육상"
"동미러","고대 무덤에서 동미러와 똑 닮은 도구가 발굴되었지만 관계는 알 수 없다.몸의 구조를 조사하려고 X선으로 촬영했지만 결국 아무것도 찍히지 않았다.오랜 옛날의 동미러는 거울처럼 반사하고 있었다고 생각하는 연구자도 있다.동미러의 등 모양에는 신비한 힘이 깃들어 있다고 옛날 사람들은 믿고 있었다.오랜 옛날의 동미러는 거울처럼 반사하고 있었다고 생각하는 연구자도 있다.오래된 묘에서 발견된다. 등의 무늬는 신비한 힘이 깃들어 있다고 전해진다.동미러의 등 모양에는 신비한 힘이 깃들어있다고 옛날 사람들은 믿고 있었다.고대 무덤에서 동미러와 똑 닮은 도구가 발굴되었지만 관계는 알 수 없다.동미러의 등 모양에는 신비한 힘이 깃들어 있다고 옛날 사람들은 믿고 있었다.고대 무덤에서 동미러와 똑 닮은 도구가 발굴되었지만 관계는 알 수 없다.도감에 없음등장하지 않음오래된 유적에 나타난다. 몸의 무늬는 가라르에 없는 낯선 문화의 것이라 수수께끼이다.닦으면 빛이 나며 진실을 비춘다고 전해지지만 동미러는 닦이는 걸 매우 싫어한다.","강철","에스퍼","광물"
"동탁군","2000년 이상 잠자고 있던 동탁군이 공사현장에서 발굴되어 빅뉴스가 되었다.비구름을 불러 비를 내리는 기술을 가지고 있다. 풍작의 신이라고 옛날 사람들은 받들어 모셨다.다른 세계로의 구멍을 열어 거기서 비가 오게 하고 있었다. 그 때문에 풍작의 신으로 여겨졌다.동탁군에게 소원을 빌면 비가 내려 농작물을 자라게 한다고 고대의 사람들은 믿고 있었다.다른 세계로의 구멍을 열어 거기서 비가 오게 하고 있었다. 그 때문에 풍작의 신으로 여겨졌다.비구름을 부르는 포켓몬으로 아주 옛날부터 떠받들어졌다. 가끔 땅에 묻혀 있다.도감에 없음등장하지 않음비구름을 부르는 신이라 불린다. 화나게 하면 종소리를 닮은 불길한 소리로 위협한다.몸의 무늬 때문에 본래 가라르에는 없던 포켓몬이라고 생각하는 학자도 많다.","강철","에스퍼","광물"
"꼬지지","항상 우는 것처럼 보이지만 체내의 수분을 밖으로 내어 조절하고 있는 것이다.건조한 장소를 좋아한다. 눈에서 물을 내어 몸의 수분을 조절한다.건조한 공기를 좋아한다. 수분을 조절할 때에 내는 물이 눈물처럼 보인다.체내의 불필요한 수분을 눈으로 내어 조절한다. 울고 있는 것처럼 보일 뿐이다.건조한 공기를 좋아한다. 수분을 조절할 때에 내는 물이 눈물처럼 보인다.건조한 장소를 좋아한다. 눈에서 물을 내어 몸의 수분을 조절한다.건조한 공기를 좋아한다.수분을 조절할 때에 내는 물이 눈물처럼 보인다.물을 싫어해 건조한 장소에 살고 있다. 주변에는 녹색이 적어 눈에 잘 띈다.몸에 불필요한 수분은 눈을 통해 밖으로 내보낸다. 그 성분은 인간의 땀과 비슷하다.눈동자에서 수분을 방출한다. 울고 있는 것처럼 보이기 때문에 적을 방심시키는 효과도 있는 듯하다.너무 몸이 습해지면 죽어 버리기 때문에 땀처럼 눈에서 수분을 내보내고 있다.자료 없음땀과 눈물이 모두 눈에서 나온다. 땀은 약간 짠맛이고 눈물은 살짝 씁쓸한 맛이다.건조한 바위 밭에 산다. 초록색 구슬은 마를수록 반들반들 희미하게 빛난다.","바위","","알미발견"
"흉내내","상대의 움직임을 흉내 내는 습성이 있다. 모방을 당한 상대는 눈을 뗄 수 없게 된다고 한다.사람이 모이는 장소를 좋아한다. 상대의 움직임을 똑같이 흉내를 내 당황하게 한다.그 틈에 도망친다.눈에 보이는 상대의 얼굴이나 움직임의 흉내를 내는 것으로 어떤 기분인지 알려고 한다.상대의 움직임을 똑같이 흉내 내어 당황한 사이에 재빨리 도망친다.눈에 보이는 상대의 얼굴이나 움직임의 흉내를 내는 것으로 어떤 기분인지 알려고 한다.상대의 움직임을 똑같이 흉내 내어 당황한 사이에 재빨리 도망친다.상대의 움직임을 흉내 내는 습성이 있다. 모방을 당한 상대는 눈을 뗄 수 없게 된다고 한다.상대의 움직임을 똑같이 흉내 내어 당황한 사이에 재빨리 도망친다.상대의 움직임을 흉내 내는 습성이 있다. 모방을 당한 상대는 눈을 뗄 수 없게 된다고 한다.도감에 없음상대의 움직임과 표정을 열심히 흉내 낸다. 아직 잘한다고는 할 수 없다.흉내내기가 특기다. 상대가 놀라면 기쁜 나머지 흉내 내고 있다는 사실을 잊어버린다.등장하지 않음보이는 모든 것을 흉내 낸다. 마임꽁꽁의 화려한 스텝을 끊임없이 흉내 내며 연습한다.춤을 잘 추는 마임꽁꽁의 제자인 것마냥 따라다니며 스텝을 열심히 흉내 낸다.","에스퍼","에스퍼","알미발견"
"핑복","하얗고 둥근 물건을 매우 좋아한다. 럭키를 흉내 내어 알과 똑 닮은 돌을 껴안고 있다.알을 닮은 둥근 돌을 배의 주머니에 넣고 있다. 좋아하는 상대에게 돌을 준다.작은 돌 껴안기를 좋아한다. 상대의 발치를 빙빙 돌다 그만 넘어지게 만드는 일도 있다.하얗고 둥근 돌을 알이라고 생각하고는 소중히 가지고 있다. 말은 머리 모양을 신경 쓰고 있다.작은 돌 껴안기를 좋아한다. 상대의 발치를 빙빙 돌다 그만 넘어지게 만드는 일도 있다.알을 닮은 둥근 돌을 배의 주머니에 넣고 있다. 좋아하는 상대에게 돌을 준다.하얗고 둥근 돌을 알이라고 생각하고는 소중히 가지고있다. 말려있는 머리모양을 신경 쓰고 있다.알을 닮은 둥근 돌을 배의 주머니에 넣고 있다. 좋아하는 상대에게 돌을 준다.하얗고 둥근 돌을 알이라고 생각하고는 소중히 가지고 있다. 말려 있는 머리 모양을 신경 쓰고 있다.배의 주머니에 하얗고 동그란 돌을 넣고 있다. 사이가 좋아지면 나누어 주는 일도 있다.작아서 아직 알을 낳을 수 없다. 대신에 하얗고 둥근 돌을 찾는다.온순한 포켓몬이지만 배의 둥근 돌을 빼내면 울고불고 난폭해진다.하얗고 둥근 것을 보면 배의 주머니에 넣는다. 너무 많이 넣어서 움직이지 못할 때도 있을 정도다.등장하지 않음럭키를 흉내 내어 알처럼 생긴 둥근 돌을 배의 주머니에 넣고 소중히 보관한다.친해진 상대에게는 소중하게 여기는 둥근 돌을 빌려준다. 돌려주지 않으면 울고불고하다가 난폭해진다.","노말","","알미발견"
"페라페","사람의 말을 기억해서 운다. 동료가 한 장소에 모이면 모두 똑같은 말을 기억한다.꽁지를 메트로놈처럼 좌우로 흔들어 리듬을 기억한다. 사람의 말을 흉내 낸다.혀는 인간의 것을 똑 닮았다. 그 때문에 인간이 하는 말을 능숙하게 흉내 낼 수 있다.상대와 같은 울음소리를 내서 동료라고 굳게 믿게 하여 습격당하지 않도록 하고 있다.혀는 인간의 것을 똑 닮았다. 그 때문에 인간이 하는 말을 능숙하게 흉내 낼 수 있다.혀는 인간의 것을 똑 닮았다.그 때문에 인간이 하는 말을 능숙하게 흉내 낼 수 있다.상대와 같은 울음소리를 내서 동료라고 굳게 믿게 하여 습격당하지 않도록 하고 있다.사람의 말을 기억해서 운다. 동료가 한 장소에 모이면 모두 똑같은 말을 기억한다.상대와 같은 울음소리를 내서 동료라고 굳게 믿게 하여 습격당하지 않도록 하고 있다.사람의 말을 기억해서 운다. 동료가 한 장소에 모이면 모두 똑같은 말을 기억한다.자료 없음","노말","비행","비행"
"화강돌","108개의 영혼이 모여서 태어난 포켓몬이다. 쐐기돌의 균열과 연결되어 있다.500년 전에 나쁜 짓을 했기 때문에 쐐기돌의 균열에 몸이 연결되어 갇혀 버렸다.항상 나쁜 짓만 하고 있었기에 이상한 술수로 본모습을 쐐기돌에 속박당했다.108개의 영혼으로 되어 있다. 두 번 다시 나쁜 짓을 하지 못하게 쐐기돌로 묶여 있다.항상 나쁜 짓만 하고 있었기에 이상한 술수로 본모습을 쐐기돌에 속박당했다.108개의 영혼이 모여서 태어난 포켓몬이다. 쐐기돌의 균열과 연결되어 있다.500년 전에 나쁜 짓을 했기 때문에 쐐기돌의 균열에 몸이 연결되어 갇혀 버렸다.108개의 영혼이 모여서 태어난 포켓몬이다. 쐐기돌의 균열과 연결되어 있다.500년 전에 나쁜 짓을 했기 때문에 쐐기돌의 균열에 몸이 연결되어 갇혀 버렸다.도감에 없음등장하지 않음108개의 영혼이 모여 포켓몬이 되었지만 성질이 나쁜 영혼이 섞여버린 듯 하다.나쁜 짓만 일삼다가 신비한 술수를 사용하는 여행자에 의해 쐐기돌에 속박당했다.","고스트","악","부정형"
"딥상어동","동굴의 조그만 구멍을 보금자리로 쓴다. 먹이가 다가오면 재빠르게 뛰쳐나가 붙잡는다.일찍이 열대의 땅에 있었다. 추위를 피하기 위해 지열로 따뜻한 동굴에서 산다.큰 입으로 하는 공격은 위력이 충분하지만 아직은 잘 싸우지 못해서 자신도 상처를 입는다.지열로 데워진 구멍에서 지낸다.적이 가까이 오면 구멍에서 뛰쳐나와 커다란 입으로 물어버린다.큰 입으로 하는 공격은 위력이 충분하지만 아직은 잘 싸우지 못해서 자신도 상처를 입는다.지열로 데워진 구멍에서 지낸다. 적이 가까이 오면 구멍에서 뛰쳐나와 커다란 입으로 물어버린다.동굴의 조그만 구멍을 보금자리로 쓴다. 먹이가 다가오면 재빠르게 뛰쳐나가 붙잡는다.지열로 데워진 구멍에서 지낸다. 적이 가까이 오면 구멍에서 뛰쳐나와 커다란 입으로 물어버린다.동굴의 조그만 구멍을 보금자리로 쓴다. 먹이가 다가오면 재빠르게 뛰쳐나가 붙잡는다.지열로 따뜻한 동굴에서 살고 있다. 그래도 추워지면 동료들과 몸을 맞대어 뭉친다.구멍에 숨어서 먹이나 적이 지나가면 뛰쳐나가 문다. 기세가 대단해 이가 빠질 때도 있다.움직이는 것에 반응하여 달려들어 덥석 문다. 자신이 상처를 입어도 별로 신경 쓰지 않는다.알로라보다 더 더운 곳이 본래 서식지다. 함께 지내려면 난방비가 든다.등장하지 않음지열로 데워진 동굴의 좁은 구멍을 좋아한다. 밖에 눈보라가 쳐도 얼어붙지 않고 견딜 수 있다.움직이는 것은 무조건 공격해서 보금자리 굴로 데려간다. 입은 크지만 위는 작은 편이다.","드래곤","땅","괴수,드래곤"
"한바이트","한바이트의 비늘로부터 만든 약은 불치의 병을 고친다고 오래전부터 믿어져 왔다.캐낸 보석을 거처에 모으는 습성이 있다. 그것을 노리는 도둑이 끊이질 않는다.반짝반짝 빛나는 것을 아주 좋아하기에 동굴 안에서 발견한 보물을 자신의 둥지에 모아둔다.거처를 늘릴 때 땅속에서 나온 보석의 원석을 거처에 모아두는 습성을 가졌다.반짝반짝 빛나는 것을 아주 좋아하기에 동굴 안에서 발견한 보물을 자신의 둥지에 모아둔다.거처를 늘릴 때 땅속에서 나온 보석의 원석을 거처에 모아두는 습성을 가졌다.반짝반짝 빛나는 것을 아주 좋아하기에 동굴 안에서 발견한 보물을 자신의 둥지에 모아둔다.거처를 늘릴 때 땅속에서 나온 보석의 원석을 거처에 모아두는 습성을 가졌다.드물게 탈피해서 비늘이 벗겨진다. 그 성분이 들어 있는 약은 피곤한 몸을 회복시켜 준다.반짝반짝 빛나는 것을 아주 좋아한다. 보석이나 잡은 멜리시를 둥지에서 가만히 바라보고 있다.반짝이는 것을 매우 좋아한다. 멜리시를 노리는 깜까미를 발견하면 격렬하게 화를 내며 덤벼든다.탈피하면서 커진다. 비늘을 비벼서 가루로 만든 것은 한방약의 원료가 된다.등장하지 않음머리의 좌우 돌기에서 초음파를 내보내 캄캄한 동굴의 상황을 살핀다.거처인 동굴에 보석을 매장하는데 그곳에 침입자가 들어가면 즉시 발톱과 이빨로 갈기갈기 찢어버린다.","드래곤","땅","괴수,드래곤"
"한카리아스","몸을 접고 날개를 펼치면 마치 제트기 같다. 음속으로 날 수 있다.제트기와 맞먹는 스피드로 하늘을 난다. 노린 먹이는 놓치지 않는다.고속으로 달려나가면 날개는 공기의 칼날을 만들어내어 주변의 나무는 절단 나게 된다.몸을 뒤덮은 결이 고운 비늘이 공기 저항을 줄이기 때문에 고속으로 날 수 있다.고속으로 달려나가면 날개는 공기의 칼날을 만들어내어 주변의 나무는 절단 나게 된다.제트기와 맞먹는 스피드로 하늘을 난다. 노린 먹이는 놓치지 않는다.몸을 접고 날개를 펼치면 마치 제트기 같다. 음속으로 날 수 있다.제트기와 맞먹는 스피드로 하늘을 난다. 노린 먹이는 놓치지 않는다.제트기만큼 빠른 속도로 난다. 새포켓몬 무리에 돌진하여 그대로 무리째 삼켜버린다.머리에 달린 2개의 돌기는 센서 역할을 한다. 저 멀리 있는 먹이의 모습도 알 수 있다.음속으로 날아다니며 먹이를 찾는다. 먹이를 두고 보만다와 공중전을 펼친다.매끄럽고 뾰족한 비늘은 공기 저항을 줄일 뿐만 아니라 습격해 온 상대를 상처 입힌다.등장하지 않음화산이 있는 산에 서식한다. 제트기에도 지지 않는 속도로 하늘을 날아 먹이를 사냥한다.지상에서도 움직임이 빠르다. 설산에서는 체온이 떨어지기 전에 먹이를 잡아 거처로 돌아간다.","드래곤","땅","괴수,드래곤"
"먹고자","하루에 한 번 체중과 같은 양의 먹이를 한 번에 먹는다. 거의 씹지 않고 통째로 삼킨다.몸의 긴 털 밑에 먹이를 숨기는 습성이 있다. 숨긴 것을 잊어버린다.먹이를 먹는 데 열중한 나머지 털 밑에 숨겨놓은 먹이에 대한 것은 잊어버리고 만다.부스스한 털 안에 먹이를 숨겨서 갖고 다닌다. 먹을 때는 꿀꺽 통째로 삼킨다.먹이를 먹는 데 열중한 나머지 몸의 털 밑에 숨겨놓은 먹이에 대한 것은 잊어버리고 만다.몸의 긴 털 안쪽에 먹이를 숨기는 습성이 있다. 숨긴 것을 잊어버린다.부스스한 털 안에 먹이를 숨겨서 갖고 다닌다. 먹을 때는 꿀꺽 통째로 삼킨다.몸의 긴 털 안쪽에 먹이를 숨기는 습성이 있다. 숨긴 것을 잊어버린다.부스스한 털 안에 먹이를 숨겨서 갖고 다닌다. 먹을 때는 꿀꺽 통째로 삼킨다.매일 자신의 체중과 같은 양의 먹이가 필요하다. 맛에 대해서는 신경 쓰지 않는다.먹을 수 있을 것 같은것을 발견하면 일단 주워서 통째로 삼킨다. 그래서 나날이 살이 찌고 있다.긴 털 아래에 음식을 숨기지만 숨긴 것을 잊어 고약한 냄새가 난다며 소동이 날 때도 있다.먹을 만해 보이면 일단 주워서 통째로 삼킨다. 썩은 먹이라도 소화시키는 튼튼한 위를 가졌다.등장하지 않음일단 많이 먹고 보는 것에 푹 빠져 있다. 맛은 상관하지 않으며 상했어도 신경 쓰지 않는다.털 안에 먹이를 모은다. 신뢰하는 상대에게는 한 입 나눠주기도 한다.","노말","","알미발견"
"리오르","몸에서 발산되는 파동은 무서울 때나 슬플 때에 강해져 동료에게 위기를 알린다.부드럽고 강인한 몸이다. 3개의 산과 2개의 골짜기를 하룻밤 사이에 넘을 수 있다.기쁨과 분노 등의 감정을 물결의 형태로 만들어 분별하는 이상한 힘을 지녔다.동료끼리 파동을 내서 의사소통을 한다. 밤새도록 계속 달릴 수 있다.기쁨과 분노 등의 감정을 물결의 형태로 만들어 분별하는 이상한 힘을 지녔다.감정에 따라 모양이 변하는 파동을 서로 내어 동료끼리 커뮤니케이션을 취하고 있다.몸에서 발산되는 파동은 무서울 때나 슬플 떄에 강해져 동료에게 위기를 알린다.감정에 따라 모양이 변하는 파동을 서로 내어 동료끼리 커뮤니케이션을 취하고 있다.몸에서 발산되는 파동은 무서울 때나 슬플 떄에 강해져 동료에게 위기를 알린다.사람과 포켓몬의 감정이나 자연의 상태를 파동이라는 파장의 형태로 느낀다.밤새 달릴 수 있는 지구력을 갖고 있고 노력가지만 아직 햇병아리다.파동이라고 불리는 파를 보면 사람과 포켓몬의 마음을 알 수 있다. 위험한 상대에게는 다가가지 않는다.동료와의 커뮤니케이션에 파동이라 불리는 파장을 사용한다. 울지 않아서 적에게 들키지 않는다.자료 없음밤새 달릴 수 있을 정도의 체력을 가졌다. 활발해서 같이 산책하는 상대에겐 고역이다.상대의 감정뿐만 아니라 자연의 상태도 파동이라는 파장의 형태로 느낀다.","격투","","알미발견"
"루카리오","모든 것이 발하는 파동을 포착하는 능력을 가지고 있다. 사람의 말을 이해할 수 있다.상대가 발하는 파동을 감지하여 생각이나 움직임을 간파할 수 있다.단련된 루카리오는 파동을 써서 1km 앞에 누가 있는지 어떤 기분인지까지도 안다.파동을 포착하여 보이지 않는 상대의 모습도 보인다고 전해진다.단련된 루카리오는 파동을 써서 1km 앞에 누가 있는지 어떤 기분인지까지도 안다.모든 물건이 내는 파동을 읽어내어 1Km 앞에 있는 상대의 마음도 이해할 수 있다.상대가 발하는 파동을 감지하여 생각이나 움직임을 간파할 수 있다.모든 물건이 내는 파동을 읽어내어 1Km 앞에 있는 상대의 마음도 이해할 수 있다.상대가 발하는 파동을 감지하여 생각이나 움직임을 간파할 수 있다.모든 물건이 내는 파동을 읽어내어 1Km 앞에 있는 상대의 마음도 이해할 수 있다.간파하는 것뿐만 아니라 파동을 조종하는 힘을 얻었다. 싸울 때도 이용한다.1km 앞의 생물의 종류나 기분을 캐치한다. 파동을 이용해 무리로 먹이를 사냥한다.정신을 집중하고 발산하는 파동이라고 불리는 신비한 파는 큰 바위도 산산이 부숴 버린다.파동의 파장으로 상대의 기분을 캐치한다. 알고 싶지 않은 일도 알게 되어 스트레스가 잘 쌓인다.등장하지 않음큰 바위도 산산조각 내는 파동이라 불리는 힘을 다뤄서 먹이를 사냥한다.사람이 생각하는 것도 알 수 있기 때문에 정직한 마음을 가진 트레이너만 따른다.","격투","강철","육상,인간형"
"히포포타스","건조한 땅에서 산다. 땀 대신 모래알을 몸에서 분비하는 포켓몬이다.전신에 모래를 둘러서 세균으로부터 몸을 보호한다. 물에 젖는 것을 싫어한다.콧구멍을 꽉 막고 모래 속을 마치 걷듯이 다닌다. 10마리 정도의 무리로 생활한다.모래로 몸을 덮어 세균으로부터 몸을 지킨다. 사막의 모래 안에서 이동한다.콧구멍을 꽉 막고 모래 속을 마치 걷듯이 다닌다. 10마리 정도의 무리로 생활한다.콧구멍을 꽉 막고 모래 속을 마치 걷듯이 다닌다. 10마리 정도의 무리에 생활한다.건조한 땅에서 산다. 땀 대신 모래알을 몸에서 분비하는 포켓몬이다.전신에 모래를 둘러서 세균으로부터 몸을 보호한다. 물에 젖는 것을 싫어한다.건조한 땅에서 산다. 땀 대신 모래알을 몸에서 분비하는 포켓몬이다.전신에 모래를 둘러서 세균으로부터 몸을 보호한다. 물에 젖는 것을 싫어한다.자료 없음입을 벌리고 이동하면서 모래째로 먹이를 꿀꺽 삼킨다. 모래는 코로 뿜어내서 버린다.주로 낮에 활동한다. 사막의 밤은 기온이 낮아져 모래 깊숙이 들어가 잠을 잔다.","땅","","육상"
"하마돈","체내에 모아둔 모래를 몸의 구멍에서 뿜어 올려 거대한 회오리를 만들어 공격한다.직격 2m의 큰 입이다. 자동차를 납작하게 찌그러뜨려 버리는 파괴력이다.의외로 화를 잘 내는 포켓몬으로 입을 크게 벌리는 것으로 주변에 자신의 강함을 어필한다.크게 입을 벌려 자신의 강함을 어필한다. 대량의 모래를 일으켜 공격한다.의외로 화를 잘 내는 포켓몬으로 입을 크게 벌리는 것으로 주변에 자신의 강함을 어필한다.크게 입을 벌려 자신의 강함을 어필한다. 대량의 모래를 일으켜 공격한다.체내에 모아둔 모래를 몸의 구멍에서 뿜어올려 거대한 회오리를 만들어 공격한다.크게 입을 벌려 자신의 강함을 어필한다. 대량의 모래를 일으켜 공격한다.체내에 모아둔 모래를 몸의 구멍에서 뿜어올려 거대한 회오리를 만들어 공격한다.자료 없음몸에 난 구멍에는 가끔 돌이 끼인다. 돌을 빼주기 때문에 돌살이를 소중하게 지킨다.화나게 하면 굉장히 흉포해진다. 들이마신 모래를 내뿜어 모래바람을 일으킨다.","땅","","육상"
"스콜피","꼬리의 발톱으로 먹이를 집어 독을 주입한다. 독이 퍼질 때까지 절대 놓치지 않는 집념이 있다.건조한 땅에 서식한다. 모래땅에 구멍을 파고들어 숨어서 먹이를 계속 기다린다.꼬리의 집게가 오므려지는 동시에 침 끝에서 독이 배어 나온다.1년간 아무것도 안 먹고 지낼 수 있다.모래 속에 숨어 먹이를 기다리고 있다. 꼬리의 발톱에서 독을 내서 먹이를 꼼짝 못하게 한다.꼬리의 집게가 오므려지는 동시에 침 끝에서 독이 배어 나온다.1년간 아무것도 안 먹고 지낼 수 있다.건조한 토지에 살며 1년간 아무것도 먹지 않고 먹이를 숨어서 기다릴 수 있다.꼬리의 발톱으로 먹이를 집어 독을 주입한다. 독이 퍼질 때까지 절대 놓치지 않는 집념이 있다.모래 속에 숨어 먹이를 기다리고 있다. 꼬리의 발톱에서 독을 내서 먹이를 꼼짝 못하게 한다.꼬리의 발톱으로 먹이를 집어 독을 주입한다. 독이 퍼질 때까지 절대 놓치지 않는 집념이 있다.모래 속에 숨어 먹이를 기다리고 있다. 꼬리의 발톰에서 독을 내서 먹이를 꼼짝 못하게 한다.자료 없음모래에 몸을 파묻은 채 가만히 먹이를 기다린다. 태우지네와 조상이 가깝다.독이 있는 꼬리의 발톱으로 덤벼든다. 집히면 독이 스며들어 움직일 수 없게 된다.","독","벌레","벌레,수중3"
"드래피온","양팔의 발톱은 자동차를 동강 내는 파괴력이 있다. 발톱의 끝에서 독을 뿌린다.전신이 튼튼한 등껍질로 덮여 있다. 머리가 180도 회전하므로 사각이 없다.맹독을 쓰지 않고 자부하는 힘만으로도 상대를 박살 낼 수 있는 튼튼한 힘의 소유자다.사막을 횡단하는 사람이나 포켓몬을 습격하기 때문에 사람들은 악마처럼 여기며 두려워한다.맹독을 쓰지 않고 자부하는 힘만으로도 상대를 박살 낼 수 있는 튼튼한 힘의 소유자다.자랑거리인 파워로 상대를 조각조각 낼 수 있으며 게다가 맹독으로 마무리한다.양팔의 발톱은 자동차를 동강 내는 파괴력이 있다. 발톱의 끝에서 독을 뿌린다.자랑거리인 파워로 상대를 조각조각 낼 수 있으며 게다가 맹독으로 마무리한다.양팔의 발톱은 자동차를 동강 내는 파괴력이 있다. 발톱의 끝에서 독을 뿌린다.자료 없음맹독을 지녔지만 사용하는 일은 드물다. 자동차도 때려 부수는 괴력으로 마구 날뛴다.사막의 악마라고 불릴 정도로 사납지만 하마돈에게는 싸움도 걸지 않고 얌전하다.","독","악","벌레,수중3"
"삐딱구리","볼에 독주머니를 가지고 있다. 상대의 틈을 노려 맹독이 배인 손가락을 꿰찌른다.독주머니를 크게 부풀려서 쿨렁쿨렁 으스스한 소리를 낸다. 상대를 위협하기 위해서다.정정당당하게 싸우는 일은 드물지만 그것도 살아남기 위함이다. 마스코트로서 인기가 높다.손끝에서 짜낸 독액은 허리 통증을 완화하는 약의 재료가 된다.정정당당하게 싸우는 일은 드물지만 그것도 살아남기 위함이다. 마스코트로서 인기가 높다.독주머니를 부풀려서 울어 주변에 으스스한 소리를 퍼트려 상대가 풀죽으면 독찌르기를 한다.볼에 독주머니를 가지고 있다. 상대의 틈을 노려 맹독이 배인 손가락을 꿰찌른다.독주머니를 부풀려서 울어 주변에 으스스한 소리를 퍼트려 상대가 풀죽으면 독찌르기를 한다.볼에 독주머니를 가지고 있다. 상대의 틈을 노려 맹독이 배인 손가락을 꿰찌른다.독주머니를 부풀려서 울어 주변에 으스스한 소리를 퍼트려 상대가 풀죽으면 독찌르기를 한다.자료 없음볼에 있는 독주머니를 울려서 상대를 위협한다. 풀이 죽은 틈을 타 독찌르기 공격을 한다.독을 희석하면 약이 된다. 제약 회사의 마스코트가 된 후로 인기가 많아졌다.","독","격투","인간형"
"독개굴","주먹의 가시는 긁히기만 해도 생명을 잃을 정도의 맹독을 분비하고 있다.독주머니에서 만들어진 맹독은 팔의 관을 통해서 주먹의 가시에 보내진다.목 주변에 독주머니를 지녔다. 목을 울리면 모여진 독이 잘 섞여져서 강력해진다.유연한 몸으로 상대의 공격을 피하며 깊숙이 뛰어들어 독가시를 꿰찌른다.목 주변에 독주머니를 지녔다. 목을 울리면 모여진 독이 잘 섞여져서 강력해진다.독개굴이 싸움 전에 목을 울리는 것은 독주머니에 모은 독을 잘 섞기 위해서다.목 주변에 독주머니를 지녔다. 목을 울리면 모여진 독이 잘 섞여져서 강력해진다.주먹의 가시는 긁히기만 해도 생명을 잃을 정도의 맹독을 분비하고 있다.목 주변에 독주머니를 지녔다. 목을 울리면 모여진 독이 잘 섞여져서 강력해진다.주먹의 가시는 긁히기만 해도 생명을 잃을 정도의 맹독을 분비하고 있다.자료 없음튀어 오르듯 상대에게 다가간 뒤 독손톱으로 찌르듯이 공격한다! 스치기만 해도 상대는 KO다.사냥감을 처리하면 개굴개굴하며 승리를 자축하는 소리를 높인다. 두빅굴과 가까운 종이다.","독","격투","인간형"
"무스틈니","달콤한 냄새의 타액으로 먹이를 끌어들여 큰 턱으로 꿀꺽한다. 하루에 걸쳐 먹이를 먹는다.촉수를 나뭇가지에 휘감아서 움직이지 않으면 마치 식물 같다. 큰 입을 열어 먹이를 기다린다.늪지대에서 자라는 나무에 엉겨 붙어 달콤한 냄새의 타액으로 먹이를 끌어들여 한입에 먹는다.촉수를 재주 있게 움직여 걸으면서 먹이를 기다리기에 적합한 나뭇가지를 찾는다.늪지대에서 자라는 나무에 엉겨 붙어 달콤한 냄새의 타액으로 먹이를 끌어들여 한입에 먹는다.촉수로 나뭇가지에 엉겨 붙어 타액의 달콤한 냄새로 먹이가 다가오는 것을 기다리고 있다.달콤한 냄새의 타액으로 먹이를 끌어들여 큰 턱으로 꿀꺽한다. 하루에 걸쳐 먹이를 먹는다.늪지대에서 자라는 나무에 엉겨 붙어 달콤한 냄새의 타액으로 먹이를 끌어들여 한입에 먹는다.자료 없음","풀","","식물"
"형광어","햇볕을 잔뜩 쬔 꼬리지느러미의 무늬는 어두워지면 선명한 색으로 반짝이기 시작한다.2개의 꼬리지느러미를 쳐서 헤엄치는 모습 때문에 별명은 바다의 뷰티플라이라고 불린다.몸의 옆쪽에 있는 줄에 태양빛을 모아둘 수 있다. 밤이 되면 아름답게 빛난다.2장의 꼬리지느러미를 뷰티플라이처럼 날개치며 헤엄친다. 밤에 꼬리지느러미 무늬가 반짝인다.2장의 꼬리지느러미를 뷰티플라이처럼 날개 치며 헤엄친다. 밤에 꼬리지느러미 무늬가 반짝인다.몸의 옆쪽에 있는 줄에 태양빛을 모아둘 수 있다. 밤이 되면 아름답게 빛난다.햇볕을 잔뜩 쬔 꼬리지느러미의 무늬는 어두워지면 선명한 색으로 반짝이기 시작한다.몸의 옆쪽에 있는 줄에 태양의 빛을 모아둘 수 있다. 밤이 되면 아름답게 빛난다.햇볕을 잔뜩 쬔 꼬리지느러미의 무늬는 어두워지면 선명한 색으로 반짝이기 시작한다.핑크색의 가죽 부분은 태양광을 모아서 빛을 낸다. 위장하기 위해서라고 전해진다.2장의 꼬리지느러미로 힘차게 점프한다. 해수면을 뛰어오르는 순간 갈모매가 물고 가버린다.핑크색 모양은 밤이 되면 빛이 난다. 다이버에게 인기여서 리조트에서 길들여지기도 한다.빛나는 꼬리지느러미로 먹이를 유인한다. 낮에는 해수면 가까이 있다가 밤이 되면 깊은 곳으로 이동한다.자료 없음","물","","수중2"
"네오라이트","깊은 바다의 밑바닥에서 산다. 4개의 지느러미 무늬를 반짝거려 먹이를 끌어들인다.천적에 발견되지 않도록 가슴에 있는 2개의 지느러미로 해저에 붙어서 이동한다.긴 지느러미를 다리처럼 써서 해저를 기어다닌다. 랜턴과 먹이다툼을 한다.깊은 바다의 밑바닥에서 빛나는 네오라이트는 마치 밤하늘에 반짝이는 별처럼 보인다.긴 지느러미를 다리처럼 써서 해저를 기어다닌다. 랜턴과 먹이다툼을 한다.깊은 바다의 밑바닥에서 산다. 4개의 지느러미 무늬를 반짝거려 먹이를 끌어들인다.천적에게 발견되지 않도록 가슴에 있는 2개의 지느러미로 해저에 붙어서 이동한다.깊은 바다의 밑바닥에서 산다. 4개의 지느러미 무늬를 반짝거려 먹이를 끌어들인다.천적에게 발견되지 않도록 가슴에 있는 2개의 지느러미로 해저에 붙어서 이동한다.빛으로 먹이를 유인하지만 천적인 사나운 물고기포켓몬까지 다가온다.해저에 사는 심해의 포켓몬이다. 지느러미를 사용해 해저를 기어 좋아하는 아쿠스타를 찾는다.깊은 바다 밑은 먹이가 적다. 귀한 먹이를 두고 랜턴과 격렬히 싸운다.심해 해저를 기어가듯 헤엄친다. 환상적인 지느러미의 빛은 밤하늘의 별과 같다.자료 없음","물","","수중2"
"타만타","2개의 더듬이로 해수의 미요한 움직임을 포착한다. 사람을 잘 따르는 포켓몬이다.학자의 연구에 따르면 등에 있는 특징적인 무늬는 사는 지역에 따라 다르다고 한다.총어와 장난치며 수면을 뛰어오르는 모습을 보기 위한 투어가 열린다.해수면 근처에서 헤엄치므로 배 위에서 등 모양을 관찰할 수 있다.총어와 장난치며 수면을 뛰어오르는 모습을 보기 위한 투어가 열린다.등의 무늬는 지역에 따라 달라진다. 총어 무리에 섞여 헤엄치는 일이 많다.해수면 근처에서 헤엄치므로 배 위에서 등 모양을 관찰할 수 있다.등의 무늬는 지역에 따라 달라진다. 총어 무리에 섞여 헤엄치는 일이 많다.해수면 근처에서 헤엄치므로 배 위에서 등 모양을 관찰할 수 있다.자료 없음매우 사람을 잘 따른다. 타만타 체험 투어는 인기가 많은 비치 액티비티다.사람을 잘 따라서 인간의 배 근처까지 다가온다. 등의 모양은 지역에 따라 다르다.자료 없음바다의 수온이 낮기 때문인지 가라르지방에 사는 타만타는 약간 움직임이 둔한 듯하다.총어 무리에 섞여서 헤엄친다. 적에게 습격당하면 무리와 함께 싸운다.","물","비행","알미발견"
"눈쓰개","설산에서 살고 있다. 거의 만날 일 없는 인간을 보면 신기해하면서 다가온다.봄이 되면 아이스캔디와 같은 촉감의 나무열매가 배의 주위에 열린다.인간에게 흥미가 있는지 설산에서 발자국을 발견하면 그 주변에 모여든다.추운 계절에는 산기슭까지 내려오지만 봄이 되면 눈이 남아있는 산 정상으로 돌아간다.인간에게 흥미가 있는지 설산에서 발자국을 발견하면 그 주변에 모여든다.추운 계절에는 산기슭까지 내려오지만 봄이되면 눈이 남아있는 산 정상으로 돌아간다.봄이 되면 아이스캔디와 같은 촉감의 나무열매가 배의 주위에 열린다.추운 계절에는 산기슭까지 내려오지만 봄이되면 눈이 남아있는 산 정상으로 돌아간다.봄이 되면 아이스캔디와 같은 촉감의 나무열매가 배의 주위에 열린다.도감에 없음등장하지 않음눈이 많이 쌓인 산에 산다. 눈에 다리를 찔러 넣어 수분과 냉기를 흡수한다.배에 열리는 아이스크림 같은 나무열매는 가라르에 사는 달막화들이 매우 좋아한다.","풀","얼음","괴수,식물"
"눈설왕","만년설이 쌓인 산에서 살며 블리자드를 일으킨다. 설인의 정체가 바로 눈설왕이다.블리자드를 발생시켜 주변 일대를 새하얗게 만든다. 별명은 아이스 몬스터다.눈꽃이 필 무렵 어디선가 나타나며 꽃이 지면 또 어딘가로 모습을 감춘다.만년설이 쌓인 산맥에서 조용히 지낸다. 블리자드를 발생시켜 모습을 감춘다.눈꽃이 필 무렵 어디선가 나타나며 꽃이 지면 또 어딘가로 모습을 감춘다.블리자드를 발생시켜 주변 일대를 새하얗게 만든다. 별명은 아이스 몬스터다.만년설이 쌓인 산맥에서 조용히 지낸다. 블리자드를 발생시켜 모습을 감춘다.블리자드를 발생시켜 주변 일대를 새하얗게 만든다. 별명은 아이스 몬스터다.만년설이 쌓인 산맥에서 조용히 지낸다. 블리자드를 발생시켜 모습을 감춘다.도감에 없음등장하지 않음거대한 팔을 해머처럼 내리쳐서 눈쓰개를 노리는 달막화 무리를 내쫓는다.블리자드를 일으키는 포켓몬이다. 커다란 몸을 흔들면 부근 일대는 금세 새하얗게 된다.","풀","얼음","괴수,식물"
"포푸니라","추운 지역에서 사는 포켓몬이다 4, 5마리의 그룹은 훌룡한 연계작전으로 먹이를 몰아넣는다.수목이나 얼음 표면에 날카로운 발톱으로 이상한 무늬를 새겨 동료에게 신호를 보낸다.진화한 후 더욱 약삭빨라져 발톱으로 돌에 사인을 새겨 커뮤니케이션을 시도하고 있다.눈이 많은 지방에 서식한다. 수목에 발톱으로 사인을 그려 동료에게 신호를 보낸다.진화한 후 더욱 약삭빨라져 발톱으로 돌에 사인을 새겨 커뮤니케이션을 시도하고 있다.발톱으로 돌에 사인을 남겨 커뮤니케이션을 취하면서 연계플레이로 상대를 몰아붙인다.눈이 많은 지방에 서식한다. 수목에 발톱으로 사인을 그려 동료에게 신호를 보낸다.추운 지역에서 사는 포켓몬이다. 4, 5마리의 그룹은 훌륭한 연계 작전으로 먹이를 몰아넣는다.눈이 많은 지방에 서식한다. 수목에 발톱으로 사인을 그려 동료에게 신호를 보낸다.추운 지역에서 사는 포켓몬이다. 4, 5마리의 그룹은 훌륭한 연계 작전으로 먹이를 몰아넣는다.4~5마리의 그룹으로 행동한다. 바위나 나무에 표시를 남겨 연계 플레이로 먹이를 잡는다.추운 장소에 살며 알로라에서는 식스테일과 모래두지가 주된 먹이다. 사냥감은 동료끼리 정확히 나눈다.1마리가 모래두지에게 다리를 걸어 뒤집으면 다른 1마리가 날카로운 발톱으로 처리한다.영리해져서 먹이를 두고 싸우지 않게 되었다. 손톱으로 할퀴어지면 동상에 걸린다.등장하지 않음무리를 지어 먹이를 공격한다. 팀플레이로 맘모꾸리 같은 큰 상대도 손쉽게 처리한다.발톱으로 사인을 그려 동료와 연락한다. 사인의 종류는 500가지가 넘는다고 한다.","악","얼음","육상"
"자포코일","특수한 자기장의 영향으로 레어코일이 진화했다. 3개의 유닛에서 자력을 발신한다.자포코일을 과학력으로 진화시키려 시도해 보려는 집단이 있었지만 실패했다.특수한 자기장으로 레어코일의 분자 구조가 재구성되어 자포코일로 진화했다.자포코일을 과학력으로 진화시키려 시도해 보려는 집단이 있었지만 실패했다.너무 강한 자력을 내어 자포코일끼리 끌어당겨 전혀 못 움직이기도 한다.특수한 자기장의 영향으로 레어코일이 진화했다. 3개의 유닛에서 자력을 발산한다.너무 강한 자력을 내어 자포코일끼리 끌어당겨 전혀 못 움직이기도 한다.특수한 자기장의 영향으로 레어코일이 진화했다. 3개의 유닛에서 자력을 발산한다.3개의 유닛으로부터 자력을 발산한다. 밤하늘을 나는 자포코일을 UFO로 착각하는 보고가 많이 발생한다.괴전파를 발신하면서 하늘을 날아 미지의 전파를 수신하고 있다고 한다.자신의 영토를 레이더로 감시하고 있다. 침입자는 파괴광선으로 즉시 처분한다.아직까지 우주에서 왔다고 믿는 사람들도 있다. 강력한 자력을 발산한다.등장하지 않음머리의 안테나로 누군가가 보낸 전파를 우주로부터 수신하여 조종당하고 있다고 전해진다.특수한 자기장의 영향으로 몸의 분자 구조가 변화해 진화했다고 여겨지고 있다.","전기","강철","광물"
"내룸벨트","쭉쭉 늘어나는 혓바닥으로 무엇이든 휘감는다.함부로 다가가면 타액으로 끈적끈적 거리게 된다.긴 혀는 항상 타액에 젖어 있다. 타액에는 물질을 녹이는 성분이 포함돼 있어 만지면 마비된다.물건을 녹이는 타액을 낸다. 뭐든지 긴 혀로 감아 타액으로 끈적끈적하게 만든다.긴 혀는 항상 타액에 젖어 있다. 타액에는 물질을 녹이는 성분이 포함돼 있어 만지면 마비된다.타액에는 어떤 것도 녹이는 성분이 충분히 포함되어 있어 핥으면 언제까지나 마비된다.쭉쭉 늘어나는 혓바닥으로 무엇이든 휘감는다. 다가가면 타액으로 끈적끈적거리게 된다.타액에는 어떤 것도 녹이는 성분이 충분히 포함되어 있어 핥으면 언제까지나 마비된다.쭉쭉 늘어나는 혓바닥으로 무엇이든 휘감는다. 다가가면 타액으로 끈적끈적거리게 된다.타액에는 어떤 것도 녹이는 성분이 충분히 포함되어 있어 핥으면 언제까지나 마비된다.도감에 없음혀가 어디까지 늘어나는지 콘테스트가 열린다. 현재 최고 기록은 25m다.손발보다 혀를 사용하는 것이 훨씬 능숙하다. 작은 콩 1알도 능숙하게 잡을 수 있다.등장하지 않음몸의 몇 배의 길이로 늘어나는 신비한 혀를 가졌다. 그 비밀은 아직 밝혀지지 않았다.사람의 팔과 견줄 수 있을 정도로 활용도 높은 혀로 뭐든지 한다. 반대로 손은 무기다.","노말","","괴수"
"거대코뿌리","바위를 손바닥의 구멍에 채워서 근육의 힘으로 발사한다. 드물게 꼬마돌을 날린다.근육에 힘을 모아 순간적으로 부풀리는 것으로 손에 넣은 돌을 분출시킬 수 있다.손바닥의 구멍에서 꼬마돌을 발사한다. 전신의 프로텍터는 화산의 분화도 견뎌낸다.근육에 힘을 모아 순간적으로 부풀리는 것으로 손에 넣은 돌을 분출시킬 수 있다.손바닥의 구멍에서 꼬마돌을 발사한다. 전신의 프로텍터는 화산의 분화도 견뎌낸다.바위를 손바닥의 구멍에 채워서 근육의 힘으로 발사한다. 드물게 꼬마돌을 날린다.손바닥의 구멍에서 꼬마돌을 발사한다. 전신의 프로텍터는 화산의 분화도 견뎌낸다.바위를 손바닥의 구멍에 채워서 근육의 힘으로 발사한다. 드물게 꼬마돌을 날린다.자료 없음손에 난 구멍에 바위나 단굴을 끼운 뒤 발사한다. 장전할 수 있는 수는 한쪽 팔당 3개씩이다.프로텍터로 공격을 튕겨내고 상대가 풀이 죽으면 특징적인 드릴로 관통한다.","땅","바위","괴수,육상"
"덩쿠림보","식물의 덩굴로 이루어진 팔을 늘여서 먹이를 포박한다. 팔을 먹혀도 아무렇지도 않다.식물로 만들어진 팔은 그냥 놔두면 휘감기게 된다. 잘라도 잘라도 바로 자란다.가만히 있으면 커다란 덤불로밖에 보이지 않는다. 먹이가 다가오면 덩굴로 포박한다.따뜻한 계절이 오면 눈이 보이지 않을 정도로 식물 덩굴이 계속 자란다.식물로 만들어진 팔은 그냥 놔두면 휘감기게 된다. 잘라도 잘라도 바로 자란다.팔을 먹혀도 문제없다. 재생능력이 높아 눈 깜짝할 사이에 원래대로 돌아간다.식물의 덩굴로 이루어진 팔을 늘여서 먹이를 포박한다. 팔을 먹혀도 아무렇지도 않다.따뜻한 계절이 오면 눈이 보이지 않을 정도로 식물 덩굴이 계속 자란다.식물의 덩굴로 이루어진 팔을 늘여서 먹이를 포박한다. 팔을 먹혀도 아무렇지도 않다.따뜻한 계절이 오면 눈이 보이지 않을 정도로 식물 덩굴이 계속 자란다.도감에 없음등장하지 않음자유자재로 늘어나는 2개의 팔은 덩굴이 뭉쳐진 것이었다는 사실이 최근 연구로 밝혀졌다.따듯한 땅에서 살수록 덩굴의 성장이 빠르다. 길어지면 스스로 잘라내어 짧게 만든다.","풀","","식물"
"에레키블","2개의 꼬리 끝을 상대에게 바싹 대어 2만 볼트 이상의 전류를 흘려 공격한다.상대의 공격을 신경 쓰지 않고 다가서서는 꼬리를 들이대어 고압의 전류를 흘린다.전기를 가득 모으면 2개의 뿔 사이에 세차게 푸르스름한 불티를 뿌린다.상대의 공격을 신경 쓰지 않고 다가서서는 꼬리를 들이대어 고압의 전류를 흘린다.상대에게 꼬리 끝을 밀어붙여 순식간에 2만 볼트 이상의 고압 전류를 흘려보낸다.전기를 가득 모으면 2개의 뿔 사이에 세차게 푸르스름한 불티를 뿌린다.2개의 꼬리 끝을 상대에게 바싹 대어 2만 볼트 이상의 전류를 흘려 공격한다.전기를 가득 모으면 2개의 뿔 사이에 세차게 푸르스름한 불티를 뿌린다.2개의 꼬리 끝을 상대에게 바싹 대어 2만 볼트 이상의 전류를 흘려 공격한다.꼬리의 끝을 적에게 밀어붙여 고압 전류를 흘려보낸다. 한순간에 적은 까맣게 탄다.흥분하면 가슴을 두들긴다. 그때마다 전기 불꽃이 튀며 천둥소리가 주변에 울려 퍼진다.전기를 내뿜는 꼬리를 잡고 주먹에 전기를 머금으면 있는 힘껏 때린다.에레키블 1마리로 대도시 건물 전체의 전력을 1년 동안 공급할 수 있다.등장하지 않음","전기","","인간형"
"마그마번","팔 끝에서 섭씨 2000도의 불구슬을 발사한다. 화산의 분화구를 거처로 삼는다.섭씨 2000도의 불구슬을 쏘아낼 때 마그마번의 몸은 열 때문에 약간 하얘진다.섭씨 2000도의 불구슬을 팔 끝에서 내보낸다. 입에서 뿜는 숨도 타오르고 있다.섭씨 2000도의 불구슬을 쏘아낼 때 마그마번의 몸은 열 때문에 약간 하얘진다.팔 끝에서 섭씨2000도의 불구슬을 쏘아낼 때 몸은 열 때문에 약간 하얘진다.팔 끝에서 섭씨 2000도의 불구슬을 발사한다. 화산의 분화구를 거처로 삼는다.섭씨 2000도의 불구슬을 팔 끝에서 내보낸다. 입에서 뿜는 숨도 타오르고 있다.팔 끝에서 섭씨 2000도의 불구슬을 발사한다. 화산의 분화구를 거처로 삼는다.섭씨 2000도의 불구슬을 팔 끝에서 내보낸다. 입에서 뿜는 숨도 타오르고 있다.화산의 화구에 산다. 1개의 화산에는 암수 한 쌍의 마그마번 밖에 없다고 한다.팔 끝에서 섭씨 2000도의 불구슬을 발사한다. 연사하면 팔 끝이 조금 녹는다.지금도 금속을 가공할 때 마그마번의 불꽃에 의존하는 공장이 적지 않다.불구슬을 발사해서 적을 처리한다. 새까만 재가 되어서 먹이를 잡는 데는 사용하지 않는다.등장하지 않음","불꽃","","인간형"
"토게키스","다툼이 일어나는 장소에는 절대 나타나지 않는다. 최근에는 모습을 보기 어려워졌다.다툼이 일어나는 장소에는 절대 나타나지 않는다. 최근에는 모습을 보기 어려워졌다다툼이 없는 평화로운 토지에 토게키스가 나타나 여러 가지 은총을 나눠줬다고 전해진다.서로 존재를 인정하고 쓸데없는 분쟁을 하지 않는 사람을 위해 다양한 은총을 나누어 준다.다툼이 없는 평화로운 땅에 토게키스가 나타나 여러 가지 은총을 나눠줬다고 전해진다.서로 존재를 인정하고 쓸데없는 분쟁을 하지 않는 사람을 위해 다양한 은총을 나누어 준다.다툼이 없는 평화로운 땅에 토게키스가 나타나 여러 가지 은총을 나눠줬다고 전해진다.서로 존재를 인정하고 쓸데없는 분쟁을 하지 않는 사람을 위해 다양한 은총을 나누어 준다.자료 없음분쟁이나 다툼이 일어나는 장소에는 모습을 드러내지 않는다. 최근에는 거의 보이지 않는다.은총을 베푸는 존재로 전해지고 있으며 먼 옛날부터 길조로 묘사되어 왔다.","페어리","비행","비행,요정"
"메가자리","날개를 칠 때 충격파로 상대의 몸 안쪽에 치명적인 데미지를 준다.턱의 힘은 엄청나다.고속으로 날아서 스치는 순간 상대를 물어 뜯는것이 특기다.6개의 다리로 어른을 껴안고도 너끈히 날 수 있다.꼬리의 날개로 균형을 잡는다.날개를 치는 힘이 매우 강해 힘껏 날 때는 주변의 큰 나무를 쓰러뜨린다.턱의 힘은 엄청나다.고속으로 날아서 스치는 순간 상대를 물어 뜯는것이 특기다.고속으로 날아서 스친 상대의 목을 한순간에 물어뜯는 싸움법을 선호한다.6개의 다리로 어른을 껴안고도 너끈히 날 수 있다.꼬리의 날개로 균형을 잡는다.6개의 다리로 어른을 껴안고도 너끈히 날 수 있다. 꼬리의 날개로 균형을 잡는다.자료 없음","벌레","비행","벌레"
"리피아","식물처럼 광합성을 하기 때문에 리피아의 주위는 맑은 공기로 둘러싸여 있다.기본적으로 다투지 않는다. 세포가 식물에 가깝게 되어 체내에서 광합성을 할 수 있다.맑은 날에 잠든 리피아는 광합성을 해서 깨끗한 공기를 만들고 있다.기본적으로 다투지 않는다. 세포가 식물에 가깝게 되어 체내에서 광합성을 할 수 있다.세포가 식물 같이 되어 체내에서 광합성을 하여 깨끗한 공기를 만들어낼 수 있다.맑은 날에 잠든 리피아는 광합성을 해서 깨끗한 공기를 만들고 있다.식물처럼 광합성을 하기 때문에 리피아의 주위는 맑은 공기로 둘러싸여 있다.맑은 날에 잠든 리피아는 광합성을 해서 깨끗한 공기를 만들고 있다.식물처럼 광합성을 하기 때문에 리피아의 주위는 맑은 공기로 둘러싸여 있다.세포 구성은 동물보다는 식물에 가깝다. 광합성을 통해 안 먹어도 에너지를 얻을 수 있다.어린 리피아일수록 코를 찌르는 풋내가 난다. 나이를 먹으면 낙엽 같은 냄새로 바뀐다.다툼을 좋아하지 않지만 동료를 지키기 위해서라면 꼬리의 잎사귀를 날카로운 칼날로 만들어 싸운다.광합성으로 영양을 보충한다. 깨끗한 강이 흐르는 숲의 깊은 곳에 조용하게 살고 있다.등장하지 않음잎사귀에서 나는 독특한 향기는 가라르인들의 취향에 맞다. 향수로 가공되어 인기가 높다.꼬리는 날카로운 칼날 같다. 큰 나무도 두 동강 내는 탁월한 예리함을 자랑한다.","풀","","육상"
"글레이시아","전신의 털을 얼려 바늘같이 날카롭게 곤두세운다. 상대로부터 몸을 보호하는 수단이다.체온을 컨트롤 하는 것으로 주위의 공기를 얼려서 다이아몬드 더스트를 날린다.글레이시아는 몸 주변의 공기를 차갑게 해 섬세한 얼음 결정을 만든다.체온을 컨트롤하는 것으로 주위의 공기를 얼려서 다이아몬드 더스트를 날린다.체온을 내리는 것으로 전신의 털을 얼려서 날카롭고 뾰족한 바늘처럼 만들어 날린다.체온을 컨트롤하는 것으로 주위의 공기를 얼려서 다이아몬드 더스트를 날린다.체온을 내리는 것으로 전신의 털을 얼려서 날카롭고 뾰족한 바늘처럼 만들어 날린다.체온을 컨트롤하는 것으로 주위의 공기를 얼려서 다이아몬드 더스트를 날린다.체온을 내리는 것으로 전신의 털을 얼려서 날카롭고 뾰족한 바늘처럼 만들어 날린다.체온을 자유자재로 컨트롤해 대기의 수분을 얼려서 다이아몬드더스트를 일으킨다.털을 얼려서 날카로운 고드름처럼 뾰족하게 한 뒤 먹이를 향해 태클을 건다.몸의 털을 얼려 예리한 바늘로 만들어 몸을 지킨다. 체온은 마이너스 60도까지 내릴 수 있다.순식간에 주위의 수분을 얼려서 얼음 결정을 만든 후 먹이를 향해 날린다.등장하지 않음다이아몬드더스트를 내리게 한다. 그 아름다움에 현혹된 먹이는 눈치채기도 전에 얼어붙어 버린다.글레이시아가 발산하는 냉기는 가루눈을 만들어 내기 때문에 스키장에서 인기가 높다.","얼음","","육상"
"글라이온","꼬리로 나뭇가지의 매달려 먹이를 관찰한다. 틈을 봐서 상공에서 덮친다.미약한 바람의 흐름을 잘 타면 한번도 날갯짓하지 않고서도 지구를 일주할 수 있다.날갯소리를 내지 않고 하늘을 난다. 긴 꼬리로 먹이를 잡아 송곳니로 급소를 공격한다.적절히 바람의 흐름을 잘 타면 한 번도 날개 치는 일 없이 이 별을 일주할 수 있다.소리 내지 않고 하늘을 날아 먹이에 가까이 가면 한순간에 급소를 공격한다!날갯소리를 내지 않고 하늘을 난다. 긴 꼬리로 먹이를 잡아 송곳니로 급소를 공격한다.자료 없음","땅","비행","벌레"
"맘모꾸리","얼음으로 만들어진 훌륭한 이빨이 있다. 빙하기가 끝나고 따뜻해졌기 때문에 수가 줄어들었다.1만 년 전의 땅에서 얼어붙은 맘모꾸리가 발견되었고 눈까지 떴기에 소동이 벌어졌다.1만 년 전의 얼음 밑에서 발견된 적이 있을 정도로 오랜 옛날부터 있었던 포켓몬이다.빙하기에는 전 세계에서 서식하고 있었지만 빙하기가 끝나자 수가 줄어들었다.1만 년 전의 땅에서 얼어붙은 맘모꾸리가 발견되었고 눈까지 떴기에 소동이 벌어졌다.빙하기 말기에 기온이 높아져 많은 맘모꾸리가 모습을 감췄다고 전해진다.1만 년 전의 얼음 밑에서 발견된 적이 있을 정도로 오랜 옛날부터 있었던 포켓몬이다.얼음으로 만들어진 훌륭한 이빨이 있다. 빙하기가 끝나고 따뜻해졌기 때문에 수가 줄어들었다.1만 년 전의 얼음 밑에서 발견된 적이 있을 정도로 오랜 옛날부터 있었던 포켓몬이다.얼음으로 만들어진 훌륭한 이빨이 있다. 빙하기가 끝나고 따뜻해졌기 때문에 수가 줄어들었다.도감에 없음등장하지 않음1만 년 전의 벽화에도 그려져 있다. 멸종되었다고 여겨지던 시기도 있었다.생긴 것처럼 힘이 장사다. 얼음으로 된 엄니는 추울수록 굵고 길어지면서 늠름해진다.","얼음","땅","육상"
"폴리곤Z","더욱 우수한 포켓몬으로 만들고자 프로그램을 추가했지만 어쩐지 괴상하게 행동하기 시작했다.2차원에서도 활약할 수 있게 프로그램을 수정했지만 원하는 대로 되지 않았다.다른 차원의 공간을 자유롭게 이동할 수 있도록 프로그램을 수정했지만 실수한 것 같다.다른 차원에서도 활약할 수 있도록 프로그램을 수정했지만 바라는 대로는 되지 않았다.더욱 우수한 포켓몬으로 만들고자 프로그램을 추가했지만 어쩐지 괴상하게 행동하기 시작했다.다른 차원의 공간을 자유롭게 이동할 수 있도록 프로그램을 수정했지만 실수한 것 같다.더욱 우수한 포켓몬으로 만들고자 프로그램을 추가했지만 어쩐지 괴상하게 행동하기 시작했다.다른 차원의 공간을 자유롭게 이동할 수 있도록 프로그램을 수정했지만 실수한 것 같다.더 우월한 포켓몬을 목표로 추가한 프로그램에 문제가 있었는지 움직임이 이상하다.다른 차원의 공간에서의 활동을 목표로 프로그램을 갱신했으나 괴상한 동작이 눈에 띈다.불안정한 거동이 눈에 띈다. 프로그램을 업데이트한 기술자의 실력이 문제인 듯하다.추가한 프로그램이 좋지 않았다. 괴상한 동작이 눈에 띄는 걸 보니 실험에 실패한 것일지도 모른다.등장하지 않음다른 공간에 드나들 수 있는 프로그램을 추가한 결과 움직임이 불안정해졌다.추가 프로그램으로 진화했다고 전해지지만 정말 진화인건지 학회에서도 의견이 나뉜다.","노말","","광물"
"엘레이드","늘었다 줄었다 하는 팔꿈치의 칼날로 싸운다. 칼 뽑기의 명수이며 예의가 바른 포켓몬이다.누군가를 지키려고 할 때는 팔꿈치를 늘여서 칼처럼 변화시키고 격렬하게 싸운다.상대의 생각을 민감하게 포착하는 능력을 가졌기 때문에 먼저 공격할 수 있다.누군가를 지키려고 할 때는 팔꿈치를 늘여서 칼처럼 변화시키고 격렬하게 싸운다.상대의 생각을 민감하게 포착하는 능력을 가졌기 때문에 먼저 공격할 수 있다.늘었다 줄었다 하는 팔꿈치의 칼날로 싸운다. 칼 뽑기의 명수이며 예의가 바른 포켓몬이다.상대의 생각을 민감하게 포착하는 능력을 가졌기 때문에 먼저 공격할 수 있다.늘었다 줄었다 하는 팔꿈치의 칼날로 싸운다. 칼 뽑기의 명수이며 예의가 바른 포켓몬이다.자료 없음무사라 불리는 포켓몬. 무언가를 지킬 때가 아니면 팔꿈치의 칼날을 사용하지 않는다.도움을 구하는 감정을 민감하게 캐치해서 상대가 있는 곳으로 급히 달려가 가세한다.","에스퍼","격투","부정형,인간형"
"대코파스","전신에서 강한 자력을 발산하고 있다. 꼬마코파스라고 불리는 3개의 유닛을 조종한다.꼬마코파스라고 불리는 3개의 작은 유닛을 자력으로 자유자재로 조종한다.꼬마코파스라고 불리는 3개의 유닛을 자력으로 조종해 3방향에서 상대를 꼼짝 못하게 한다.꼬마코파스라고 불리는 3개의 작은 유닛을 자력으로 자유자재로 조종한다.꼬마코파스라고 불리는 3개의 유닛을 자력을 사용하여 자유자재로 조종한다.전신에서 강한 자력을 발산하고 있다. 꼬마코파스라고 불리는 3개의 유닛을 조종한다.꼬마코파스라고 불리는 3개의 유닛을 자력을 사용하여 자유자재로 조종한다.전신에서 강한 자력을 발산하고 있다. 꼬마코파스라고 불리는 3개의 유닛을 조종한다.꼬마코파스라고 불리는 작은 3개의 유닛을 자력으로 자유자재로 조종한다.강한 자력을 뿜어내기 때문에 가까이 있는 전기 제품은 망가져 버리고 만다.본체는 움직이지 않고 꼬마코파스라고 불리는 3개의 유닛을 자유자재로 조종하여 먹이를 잡는다.꼬마코파스라고 불리는 유닛을 조종하지만 가끔 미아가 되어 돌아오지 않는 경우도 있는 듯하다.3개의 작은 유닛을 사용해서 먹이를 잡거나 적과 싸운다. 본체는 거의 명령할 뿐이다.등장하지 않음","바위","강철","광물"
"야느와르몽","머리의 안테나로 영계로부터의 전파를 수신한다. 지시를 받아 사람을 영계로 데리고 간다.탄력 있는 몸안에 갈 곳 없는 영혼을 가두어 저승으로 데려간다고 전해진다.이 세상과 저 세상을 왔다 갔다 헤매는 영혼을 흡수해 옮긴다고 하여 사람들이 두려워한다.탄력 있는 몸안에 갈 곳 없는 영혼을 가두어 저승으로 데려간다고 전해진다.머리의 안테나로 영계로부터의 전파를 수신한다. 지시를 받아 사람을 영계로 데리고 간다.탄력 있는 몸안에 갈 곳 없는 영혼을 가두어 저승으로 데려간다고 전해진다.머리의 안테나로 영계로부터의 전파를 수신한다. 지시를 받아 사람을 영계로 데리고 간다.자료 없음의지가 있는 것인지 알 수 없다. 영계로부터의 전파에 따라 사람이나 포켓몬을 데리고 간다.노린 상대를 배의 입으로 통째로 삼킨다. 영혼만 먹은 뒤 육체는 뱉어내고 떠난다.","고스트","","부정형"
"눈여아","마이너스 50도의 냉기를 뿜어 상대를 얼려 버린다. 몸통 같은 부분은 실제로는 빈 공간이다.마이너스 50도의 숨결을 뿜어서 얼린 먹이를 비밀 장소에 장식해 둔다고 전해진다.설산에서 조난당한 여성이 다시 태어난 것이라고 하는 전설이 눈이 많은 토지에 남아 있다.마이너스 50도의 숨결을 뿜어서 얼린 먹이를 비밀 장소에 장식해 둔다고 전해진다.마이너스 50도의 냉기를 뿜어 상대를 얼려 버린다. 몸통 같은 부분은 실제로는 빈 공간이다.설산에서 조난당한 여성이 다시 태어난 것이라고 하는 전설이 눈이 많은 땅에 남아 있다.마이너스 50도의 냉기를 뿜어 상대를 얼려 버린다. 몸통 같은 부분은 실제로는 빈 공간이다.설산에서 조난당한 여성이 다시 태어난 것이라고 하는 전설이 눈이 많은 땅에 남아 있다.마음에 든 인간과 포켓몬을 냉기로 얼린다. 보금자리에 가져가서 장식한다.설산에서 조난당한 여성의 영혼이 고드름에 옮겨붙었다. 남성의 영혼을 좋아한다.설산에 등산 온 남자를 얼려버려 집으로 가지고 간다. 미남만 노린다.심하게 눈보라 치는 밤에 사람이 사는 마을에 내려온다고 한다. 노크해도 문을 열어줘선 안 된다.등장하지 않음설산에서 죽은 여자의 원념에서 태어난 포켓몬. 얼린 영혼을 즐겨 먹는다.마이너스 50도의 냉기를 뿜어 먹이를 얼린 뒤 거처로 가져가서 가지런히 나열한다.","얼음","고스트","요정,광물"
"로토무","플라스마로 된 몸을 가지고 있다. 전자 제품에 숨어들어 나쁜 짓을 하는 것으로 알려졌다.전기 같은 몸은 일부 기계에 들어갈 수 있다. 그리고 그 몸으로 장난을 친다.특수한 모터를 움직이는 동력원으로서 긴 시간 동안 연구되었던 포켓몬이다.전기와 같은 몸은 일부 기계에 들어갈 수 있다. 그리고 그 몸으로 장난을 친다.전기 같은 몸은 일부 기계에 들어갈 수 있다. 그리고 그 몸으로 장난을 친다.특수한 모터를 움직이는 동력원으로서 긴 시간 동안 연구되었던 포켓몬이다.플라스마로 된 몸을 가지고 있다. 전자 제품에 숨어들어 나쁜 짓을 하는 것으로 알려졌다.특수한 모터를 움직이는 동력원으로서 긴 시간 동안 연구되었던 포켓몬이다.플라즈마로 된 몸을 가지고 있다. 전자 제품에 숨어들어 나쁜 짓을 하는 것 으로 알려졌다.자료 없음어떤 소년의 발명에 의해 로토무를 활용한 다양한 기계가 만들어지기 시작했다.플라스마로 된 몸으로 다양한 기계에 숨는다. 놀라게 하는 걸 매우 좋아한다.","전기","고스트","부정형"
"유크시","지식의 신이라 불리고 있다. 눈을 마주친 사람의 기억을 지워 버리는 힘을 가지고 있다고 한다.유크시의 탄생에 의해 사람들의 생활을 풍요롭게하는 지혜가 생겨났다고 전해진다.유크시가 날아다님으로써 사람들에게 세상사를 해결하는 지혜가 생겨나게 되었다.사람들에게 여러 가지 문제를 해결하기 위한 지혜를 전수했다고 전해지는 포켓몬이다.유크시가 날아다님으로써 사람들에게 세상사를 해결하는 지혜가 생겨나게 되었다.지식의 신이라 불리고 있다. 눈을 마추친 사람의 기억을 지워버리는 힘을 가지고 있다고 한다.유크시의 탄생에 의해 사람들의 생활을 풍요롭게 하는 지혜가 생겨났다고 한다.지식의 신이라 불리고 있다. 눈을 마주친 사람의 기억을 지워 버리는 힘을 가지고 있다고 한다.유크시의 탄생에 의해 사람들의 생활을 풍요롭게 하는 지혜가 생겨났다고 전해진다.도감에 없음등장하지 않음도감에 없음","에스퍼","","알미발견"
"엠라이트","슬픔의 괴로움과 즐거움의 소중함을 사람들에게 가르쳐 주었다. 감정의 신이라 불리고 있다.호수의 밑바닥에서 잠자고 있지만 영혼이 빠져나가서 수면을 날아다닌다고 전해진다.엠라이트가 날아다님으로써 사람들에게 삶의 기쁨, 슬픔이라는 것이 생겨나게 되었다.사람들의 마음에 즐거움과 슬픔 등의 감정을 가져왔다고 전해지는 포켓몬이다.엠라이트가 날아다님으로써 사람들에게 삶의 기쁨, 슬픔이라는 것이 생겨나게 되었다.슬픔의 괴로움과 즐거움의 소중함을 사람들에게 가르쳐 주었다. 감정의 신이라고 불리고 있다.호수의 밑바닥에서 잠자고 있지만 영혼이 빠져나가서 수면을 날아다닌다고 전해진다.슬픔의 괴로움과 즐거움의 소중함을 사람들에게 가르쳐 주었다. 감정의 신이라 불리고 있다.호수의 밑바닥에서 잠자고 있지만 영혼이 빠져나가서 수면을 날아다닌다고 전해진다.도감에 없음등장하지 않음도감에 없음","에스퍼","","알미발견"
"아그놈","의지의 신이라 불리고 있다. 호수의 밑바닥에서 계속 잠을 자며 세계의 균형을 지키고 있다.유크시, 엠라이트, 아그놈은 같은 알에서 태어난 포켓몬이라 여겨지고 있다.아그놈이 날아다님으로써 사람들에게 뭔가를 하기 위한 결의가 생겨나게 되었다.모든 고난에 맞서는 강한 마음을 사람들에게 주었다고 전해지는 포켓몬이다.아그놈이 날아다님으로써 사람들에게 뭔가를 하기 위한 결의가 생겨나게 되었다.의지의 신이라 불리고 있다. 호수의 밑바닥에서 계속 잠을 자며 세계의 균형을 지키고 있다.유크시, 엠라이트, 아그놈은 같은 알에서 태어난 포켓몬이라 여겨지고 있다.의지의 신이라 불리고 있다. 호수의 밑바닥에서 계속 잠을 자며 세계의 균형을 지키고 있다.유크시, 엠라이트, 아그놈은 같은 알에서 태어난 포켓몬이라 여겨지고 있다.도감에 없음등장하지 않음도감에 없음","에스퍼","","알미발견"
"디아루가","시간을 조종하는 힘을 가지고 있다. 신오지방에서는 신이라고 불리며 신화에 등장한다.디아루가가 태어남으로써 시간이 움직이기 시작했다는 전설이 내려오는 포켓몬이다.디아루가는 그 심장이 움직이면 시간이 흘러간다고 여겨지는 신오지방의 전설 포켓몬이다.시간의 흐름을 자유롭게 조종하는 것으로 과거나 미래로 이동할 수 있다.디아루가는 그 심장이 움직이면 시간이 흘러간다고 여겨지는 신오지방의 전설 포켓몬이다.디아루가가 태어남으로써 시간이 움직이기 시작했다는 전설이 내려오는 포켓몬이다.시간을 조종하는 힘을 가지고 있다. 신오지방에서는 신이라고 불리며 신화에 등장한다.디아루가가 태어남으로써 시간이 움직이기 시작했다는 전설이 내려오는 포켓몬이다.시간을 조종하는 힘을 가지고 있다. 신오지방에서는 신이라고 불리며 신화에 등장한다.도감에 없음등장하지 않음도감에 없음","강철","드래곤","알미발견"
"펄기아","공간을 뒤틀리게 하는 능력을 가졌으며 신오지방의 신화에서는 신으로 묘사되고 있다.평행으로 늘어선 공간의 틈새에 산다고 전해진다. 신화에 등장하는 포켓몬이다.펄기아는 호흡을 할 때마다 공간을 안정시킨다고 여겨지는 신오지방의 전설 포켓몬이다.공간의 연결을 자유롭게 조종하는 것으로 먼 장소나 다른 공간으로 이동할 수 있다.펄기아는 호흡을 할 때마다 공간을 안정시킨다고 여겨지는 신오지방의 전설 포켓몬이다.평행으로 늘어선 공간의 틈새에 산다고 전해진다. 신화에 등장하는 포켓몬이다.공간을 뒤틀리게 하는 능력을 가졌으며 신오지방의 신화에서는 신으로 묘사되고 있다.평행으로 늘어선 공간의 틈새에 산다고 전해진다. 신화에 등장하는 포켓몬이다.공간을 뒤틀리게 하는 능력을 가졌으며 신오지방의 신화에서는 신으로 묘사되고 있다.도감에 없음등장하지 않음도감에 없음","물","드래곤","알미발견"
"히드런","화산의 동굴에서 서식한다. 십자형의 발톱을 박아서 벽이나 천장을 돌아다닌다.단단한 강철의 몸이지만 자신이 내는 고열 때문에 여기저기 녹아내리고 있다.마그마처럼 타오르는 혈액이 몸에서 흐르고 있다. 화산의 동굴에 서식한다.단단한 강철의 몸이지만 자신이 내는 고열 때문에 여기저기 녹아내리고 있다.화산의 동굴에서 서식한다. 십자형의 발톱을 박아서 벽이나 천장을 돌아다닌다.마그마처럼 타오르는 혈액이 몸에서 흐르고 있다. 화산의 동굴에 서식한다.화산의 동굴에서 서식한다. 십자형의 발톱을 박아서 벽이나 천장을 돌아다닌다.마그마처럼 타오르는 혈액이 몸에서 흐르고 있다. 화산의 동굴에 서식한다.도감에 없음등장하지 않음도감에 없음","불꽃","강철","알미발견"
"레지기가스","밧줄로 묶은 대륙을 당겨서 움직였다고 하는 전설이 남아있다.특수한 빙산이나 암석, 마그마에서 자신의 모습과 닮은 포켓몬을 만들었다고 전해진다.점토, 얼음, 마그마를 써서 레지락, 레지아이스, 레지스틸 3마리를 만들었다고 전해진다.특수한 빙산이나 암석, 마그마에서 자신의 모습과 닮은 포켓몬을 만들었다고 전해진다.밧줄로 묶은 대륙을 당겨서 움직였다고 하는 전설이 남아 있다.특수한 빙산이나 암석, 마그마에서 자신의 모습과 닮은 포켓몬을 만들었다고 전해진다.밧줄로 묶은 대륙을 당겨서 움직였다고 하는 전설이 남아 있다.도감에 없음등장하지 않음도감에 없음","노말","","알미발견"
"기라티나","이 세상의 이면에 있는 세상에 살고 있다고 전해지는 포켓몬이다. 고대의 무덤에 나타난다.난폭하다는 이유로 쫓겨났지만 깨어진 세계라고 전해지는 장소에서조용히 원래 세계를 보고 있었다.상식이 통용되지 않는 이 세상의 이면에 있다고 전해지는 깨어진 세계에서 서식한다.상식이 통하지 않는 이 세상의 이면에 있다고 불리는 깨어진 세계에 서식한다.난폭하다는 이유로 쫓겨났지만 깨어진 세계라고 전해지는 장소에서조용히 원래 세계를 보고 있었다.상식이 통하지 않는 이 세상에 이면에 있다고 불리는 깨어진 세계에 서식한다.난폭하다는 이유로 쫓겨났지만 깨어진 세계라고 전해지는 장소에서조용히 원래 세계를 보고있었다.상식이 통하지 않는 이 세상에 이면에 있다고 불리는 깨어진 세계에 서식한다.난폭하다는 이유로 쫓겨났지만 깨어진 세계라고 전해지는 장소에서조용히 원래 세계를 보고있었다.도감에 없음등장하지 않음도감에 없음","고스트","드래곤","알미발견"
"크레세리아","비행할 때는 베일 같은 날개에서 빛나는 입자를 낸다. 초승달의 화신으로 불리고 있다.초승달에 가까운 밤일수록 꼬리에서 뻗어나는 오로라가 깊고 아름다워진다.크레세리아의 날개를 가지고 자면 즐거운 꿈을 꿀 수 있다고 한다. 초승달의 화신으로 불리고 있다.초승달에 가까운 밤일수록 꼬리에서 뻗어나는 오로라가 길고 아름다워진다.비행할 때는 베일 같은 날개에서 빛나는 입자를 낸다. 초승달의 화신으로 불리고 있다.크레세리아의 날개를 가지고 자면 즐거운 꿈을 꿀 수 있다고 한다. 초승달의 화신으로 불리고 있다.비행할 때는 베일 같은 날개에서 빛나는 입자를 낸다. 초승달의 화신으로 불리고 있다.크레세리아의 날개를 가지고 자면 즐거운 꿈을 꿀 수 있다고 한다. 초승달의 화신으로 불리고 있다.도감에 없음등장하지 않음도감에 없음","에스퍼","","알미발견"
"피오네","따뜻한 바다에 사는 포켓몬이다. 머리의 부낭을 부풀려서 파도 사이를 떠돌며 먹이를 찾는다.따뜻한 바다를 떠돌고 있다. 아무리 먼 곳으로 흘러가도 태어난 장소로 반드시 돌아온다.바다 온도가 높아지면 머리의 부낭을 부풀려서 해수면을 집단으로 떠돈다.따뜻한 바다를 떠돌고 있다. 아무리 먼 곳으로 흘러가도 태어난 장소로 반드시 돌아온다.따뜻한 바다를 떠돌고 있다.아무리 먼곳으로 흘러가도 태어난 장소로 반드시 돌아온다.바다 온도가 높아지면 머리의 부낭을 부풀려서 해수면을 집단으로 떠돈다.따뜻한 바다를 떠돌고 있다. 아무리 먼 곳으로 흘러가도 태어난 장소로 반드시 돌아온다.바다 온도가 높아지면 머리의 부낭을 부풀려서 해수면을 집단으로 떠돈다.따뜻한 바다를 떠돌고 있다. 아무리 먼 곳으로 흘러가도 태어난 장소로 반드시 돌아온다.자료 없음","물","","수중1,요정"
"마나피","차가운 바다 밑에서 태어났다. 자신이 태어난 바다의 밑바닥까지 긴 거리를 헤엄쳐서 돌아간다.몸의 80%가 물이다. 주위의 환경에 영향 받기 쉬운 체질의 포켓몬이다.태어났을 때부터 가지고 있는 이상한 힘을 쓰면 어떤 포켓몬과도 마음이 서로 통하게 된다.어떤 포켓몬과도 마음이 통하고 맞출 수 있는 이상한 능력을 가지고 있다.태어났을 때부터 가지고 있는 이상한 힘을 쓰면 어떤 포켓몬과도 마음이 서로 통하게 된다.어떤 포켓몬과도 마음이 통하고 맞출 수 있는 이상한 능력을 가지고 있다.태어났을 때부터 가지고 있는 이상한 힘을 쓰면 어떤 포켓몬과도 마음이 서로 통하게 된다.어떤 포켓몬과도 마음이 통하고 맞출 수 있는 이상한 능력을 가지고 있다.자료 없음","물","","수중1,요정"
"다크라이","사람들을 깊은 잠으로 끌어들여 꿈을 보여주는 능력을 가지고 있다.그믐달이 뜨는 밤에 활동한다.달이 뜨지 않는 밤에는 다크라이가 무서운 꿈을 보여준다는 이야기가 전해진다.자신을 지키기 위해 주변의 사람이나 포켓몬에게 악몽을 보여주지만 다크라이에게 악의는 없다.깊은 잠으로 끌어들이는 힘으로 사람과 포켓몬에게 악몽을 꾸게 해 자신의 영역에서 쫓아낸다.자신을 지키기 위해 주변의 사람이나 포켓몬에게 악몽을 꾸게 하지만다크라이는 나쁜 뜻이 있는 게 아니다.깊은 잠으로 끌어들이는 힘으로 사람과 포켓몬에게 악몽을 꾸게 해 자신의 영역에서 쫓아낸다.사람들을 깊은 잠으로 끌어들여 꿈을 꾸게하는 능력을 가지고 있다.그믐달이 뜨는 밤에 활동한다.깊은 잠으로 끌어들이는 힘으로 사람과 포켓몬에게 악몽을 꾸게 해 자신의 영역에서 쫓아낸다.사람들을 깊은 잠으로 끌어들여 꿈을 보여주는 능력을 가지고 있다.그믐달이 뜨는 밤에 활동한다.자료 없음","악","","알미발견"
"쉐이미","꽃밭 속에서 살고 있지만 몸을 움크리면 꽃처럼 보이기 때문에 누구도 눈치채지 못한다.대기의 독소를 분해해서 거칠어진 대지를 일순간에 꽃밭으로 만드는 힘을 가지고 있다.사람에게 부드럽게 껴안아져 감사의 마음을 느끼면 전신의 꽃이 피어난다.그라시데아꽃이 피는 계절에 감사의 마음을 전하기 위해 날아오른다고 전해진다.사람에게 부드럽게 껴안아져 감사의 마음을 느끼면 전신의 꽃이 피어난다.대기의 독소를 분해해서 거칠어진 대지를 일순간에 꽃밭으로 만드는 힘을 가지고 있다.그라시데아꽃이 피는 계절에 감사의 마음을 전하기 위해 날아오른다고 전해진다.대기의 독소를 분해해서 거칠어진 대지를 일순간에 꽃밭으로 만드는 힘을 가지고 있다.그라시데아꽃이 피는 계절에 감사의 마음을 전하기 위해 날아오른다고 전해진다.자료 없음","풀","","알미발견"
"아르세우스","1000개의 팔로 우주를 만든 포켓몬으로 신화에 묘사된다.우주가 아직 생기지 않았을 무렵에 처음으로 태어난 포켓몬이라고 신화 속에서 묘사된다.아무것도 없는 곳에 있던 알에서 깨어나 세계를 만들었다고 여겨진다.알에서 모습을 나타내 모든 세계를 창조했다고 신오신화에서 묘사된다.아무것도 없는 곳에 있던 알에서 깨어나 세계를 만들었다고 여겨진다.알에서 모습을 나타내 모든 세계를 창조했다고 신오 신화에서 묘사된다.우주가 아직 생기지 않았을 무렵에 처음으로 태어난 포켓몬이라고 신화 속에서 묘사된다.알에서 모습을 나타내 모든 세계를 창조했다고 신오신화에서 묘사된다.우주가 아직 생기지 않았을 무렵에 처음으로 태어난 포켓몬이라고 신화 속에서 묘사된다.자료 없음","노말","","알미발견"
